Source File,TF-IDF Vector Index
A-J_stopword_clean.xlsx,0
A-J_stopword_clean.xlsx,1
A-J_stopword_clean.xlsx,2
A-J_stopword_clean.xlsx,3
A-J_stopword_clean.xlsx,4
A-J_stopword_clean.xlsx,5
A-J_stopword_clean.xlsx,6
A-J_stopword_clean.xlsx,7
A-J_stopword_clean.xlsx,8
A-J_stopword_clean.xlsx,9
A-J_stopword_clean.xlsx,10
A-J_stopword_clean.xlsx,11
A-J_stopword_clean.xlsx,12
A-J_stopword_clean.xlsx,13
A-J_stopword_clean.xlsx,14
A-J_stopword_clean.xlsx,15
A-J_stopword_clean.xlsx,16
A-J_stopword_clean.xlsx,17
A-J_stopword_clean.xlsx,18
A-J_stopword_clean.xlsx,19
A-J_stopword_clean.xlsx,20
A-J_stopword_clean.xlsx,21
A-J_stopword_clean.xlsx,22
A-J_stopword_clean.xlsx,23
A-J_stopword_clean.xlsx,24
A-J_stopword_clean.xlsx,25
A-J_stopword_clean.xlsx,26
A-J_stopword_clean.xlsx,27
A-J_stopword_clean.xlsx,28
A-J_stopword_clean.xlsx,29
A-J_stopword_clean.xlsx,30
A-J_stopword_clean.xlsx,31
A-J_stopword_clean.xlsx,32
A-J_stopword_clean.xlsx,33
A-J_stopword_clean.xlsx,34
A-J_stopword_clean.xlsx,35
A-J_stopword_clean.xlsx,36
A-J_stopword_clean.xlsx,37
A-J_stopword_clean.xlsx,38
A-J_stopword_clean.xlsx,39
A-J_stopword_clean.xlsx,40
A-J_stopword_clean.xlsx,41
A-J_stopword_clean.xlsx,42
A-J_stopword_clean.xlsx,43
A-J_stopword_clean.xlsx,44
A-J_stopword_clean.xlsx,45
A-J_stopword_clean.xlsx,46
A-J_stopword_clean.xlsx,47
A-J_stopword_clean.xlsx,48
A-J_stopword_clean.xlsx,49
A-J_stopword_clean.xlsx,50
A-J_stopword_clean.xlsx,51
A-J_stopword_clean.xlsx,52
A-J_stopword_clean.xlsx,53
A-J_stopword_clean.xlsx,54
A-J_stopword_clean.xlsx,55
A-J_stopword_clean.xlsx,56
A-J_stopword_clean.xlsx,57
A-J_stopword_clean.xlsx,58
A-J_stopword_clean.xlsx,59
A-J_stopword_clean.xlsx,60
A-J_stopword_clean.xlsx,61
A-J_stopword_clean.xlsx,62
A-J_stopword_clean.xlsx,63
A-J_stopword_clean.xlsx,64
A-J_stopword_clean.xlsx,65
A-J_stopword_clean.xlsx,66
A-J_stopword_clean.xlsx,67
A-J_stopword_clean.xlsx,68
A-J_stopword_clean.xlsx,69
A-J_stopword_clean.xlsx,70
A-J_stopword_clean.xlsx,71
A-J_stopword_clean.xlsx,72
A-J_stopword_clean.xlsx,73
A-J_stopword_clean.xlsx,74
A-J_stopword_clean.xlsx,75
A-J_stopword_clean.xlsx,76
A-J_stopword_clean.xlsx,77
A-J_stopword_clean.xlsx,78
A-J_stopword_clean.xlsx,79
A-J_stopword_clean.xlsx,80
A-J_stopword_clean.xlsx,81
A-J_stopword_clean.xlsx,82
A-J_stopword_clean.xlsx,83
A-J_stopword_clean.xlsx,84
A-J_stopword_clean.xlsx,85
A-J_stopword_clean.xlsx,86
A-J_stopword_clean.xlsx,87
A-J_stopword_clean.xlsx,88
A-J_stopword_clean.xlsx,89
A-J_stopword_clean.xlsx,90
A-J_stopword_clean.xlsx,91
A-J_stopword_clean.xlsx,92
A-J_stopword_clean.xlsx,93
A-J_stopword_clean.xlsx,94
A-J_stopword_clean.xlsx,95
A-J_stopword_clean.xlsx,96
A-J_stopword_clean.xlsx,97
A-J_stopword_clean.xlsx,98
A-J_stopword_clean.xlsx,99
A-J_stopword_clean.xlsx,100
A-J_stopword_clean.xlsx,101
A-J_stopword_clean.xlsx,102
A-J_stopword_clean.xlsx,103
A-J_stopword_clean.xlsx,104
A-J_stopword_clean.xlsx,105
A-J_stopword_clean.xlsx,106
A-J_stopword_clean.xlsx,107
A-J_stopword_clean.xlsx,108
A-J_stopword_clean.xlsx,109
A-J_stopword_clean.xlsx,110
A-J_stopword_clean.xlsx,111
A-J_stopword_clean.xlsx,112
A-J_stopword_clean.xlsx,113
A-J_stopword_clean.xlsx,114
A-J_stopword_clean.xlsx,115
A-J_stopword_clean.xlsx,116
A-J_stopword_clean.xlsx,117
A-J_stopword_clean.xlsx,118
A-J_stopword_clean.xlsx,119
A-J_stopword_clean.xlsx,120
A-J_stopword_clean.xlsx,121
A-J_stopword_clean.xlsx,122
A-J_stopword_clean.xlsx,123
A-J_stopword_clean.xlsx,124
A-J_stopword_clean.xlsx,125
A-J_stopword_clean.xlsx,126
A-J_stopword_clean.xlsx,127
A-J_stopword_clean.xlsx,128
A-J_stopword_clean.xlsx,129
A-J_stopword_clean.xlsx,130
A-J_stopword_clean.xlsx,131
A-J_stopword_clean.xlsx,132
A-J_stopword_clean.xlsx,133
A-J_stopword_clean.xlsx,134
A-J_stopword_clean.xlsx,135
A-J_stopword_clean.xlsx,136
A-J_stopword_clean.xlsx,137
A-J_stopword_clean.xlsx,138
A-J_stopword_clean.xlsx,139
A-J_stopword_clean.xlsx,140
A-J_stopword_clean.xlsx,141
A-J_stopword_clean.xlsx,142
A-J_stopword_clean.xlsx,143
A-J_stopword_clean.xlsx,144
A-J_stopword_clean.xlsx,145
A-J_stopword_clean.xlsx,146
A-J_stopword_clean.xlsx,147
A-J_stopword_clean.xlsx,148
A-J_stopword_clean.xlsx,149
A-J_stopword_clean.xlsx,150
A-J_stopword_clean.xlsx,151
A-J_stopword_clean.xlsx,152
A-J_stopword_clean.xlsx,153
A-J_stopword_clean.xlsx,154
A-J_stopword_clean.xlsx,155
A-J_stopword_clean.xlsx,156
A-J_stopword_clean.xlsx,157
A-J_stopword_clean.xlsx,158
A-J_stopword_clean.xlsx,159
A-J_stopword_clean.xlsx,160
A-J_stopword_clean.xlsx,161
A-J_stopword_clean.xlsx,162
A-J_stopword_clean.xlsx,163
A-J_stopword_clean.xlsx,164
A-J_stopword_clean.xlsx,165
A-J_stopword_clean.xlsx,166
A-J_stopword_clean.xlsx,167
A-J_stopword_clean.xlsx,168
A-J_stopword_clean.xlsx,169
A-J_stopword_clean.xlsx,170
A-J_stopword_clean.xlsx,171
A-J_stopword_clean.xlsx,172
A-J_stopword_clean.xlsx,173
A-J_stopword_clean.xlsx,174
A-J_stopword_clean.xlsx,175
A-J_stopword_clean.xlsx,176
A-J_stopword_clean.xlsx,177
A-J_stopword_clean.xlsx,178
A-J_stopword_clean.xlsx,179
A-J_stopword_clean.xlsx,180
A-J_stopword_clean.xlsx,181
A-J_stopword_clean.xlsx,182
A-J_stopword_clean.xlsx,183
A-J_stopword_clean.xlsx,184
A-J_stopword_clean.xlsx,185
A-J_stopword_clean.xlsx,186
A-J_stopword_clean.xlsx,187
A-J_stopword_clean.xlsx,188
A-J_stopword_clean.xlsx,189
A-J_stopword_clean.xlsx,190
A-J_stopword_clean.xlsx,191
A-J_stopword_clean.xlsx,192
A-J_stopword_clean.xlsx,193
A-J_stopword_clean.xlsx,194
A-J_stopword_clean.xlsx,195
A-J_stopword_clean.xlsx,196
A-J_stopword_clean.xlsx,197
A-J_stopword_clean.xlsx,198
A-J_stopword_clean.xlsx,199
A-J_stopword_clean.xlsx,200
A-J_stopword_clean.xlsx,201
A-J_stopword_clean.xlsx,202
A-J_stopword_clean.xlsx,203
A-J_stopword_clean.xlsx,204
A-J_stopword_clean.xlsx,205
A-J_stopword_clean.xlsx,206
A-J_stopword_clean.xlsx,207
A-J_stopword_clean.xlsx,208
A-J_stopword_clean.xlsx,209
A-J_stopword_clean.xlsx,210
A-J_stopword_clean.xlsx,211
A-J_stopword_clean.xlsx,212
A-J_stopword_clean.xlsx,213
A-J_stopword_clean.xlsx,214
A-J_stopword_clean.xlsx,215
A-J_stopword_clean.xlsx,216
A-J_stopword_clean.xlsx,217
A-J_stopword_clean.xlsx,218
A-J_stopword_clean.xlsx,219
A-J_stopword_clean.xlsx,220
A-J_stopword_clean.xlsx,221
A-J_stopword_clean.xlsx,222
A-J_stopword_clean.xlsx,223
A-J_stopword_clean.xlsx,224
A-J_stopword_clean.xlsx,225
A-J_stopword_clean.xlsx,226
A-J_stopword_clean.xlsx,227
A-J_stopword_clean.xlsx,228
A-J_stopword_clean.xlsx,229
A-J_stopword_clean.xlsx,230
A-J_stopword_clean.xlsx,231
A-J_stopword_clean.xlsx,232
A-J_stopword_clean.xlsx,233
A-J_stopword_clean.xlsx,234
A-J_stopword_clean.xlsx,235
A-J_stopword_clean.xlsx,236
A-J_stopword_clean.xlsx,237
A-J_stopword_clean.xlsx,238
A-J_stopword_clean.xlsx,239
A-J_stopword_clean.xlsx,240
A-J_stopword_clean.xlsx,241
A-J_stopword_clean.xlsx,242
A-J_stopword_clean.xlsx,243
A-J_stopword_clean.xlsx,244
A-J_stopword_clean.xlsx,245
A-J_stopword_clean.xlsx,246
A-J_stopword_clean.xlsx,247
A-J_stopword_clean.xlsx,248
A-J_stopword_clean.xlsx,249
A-J_stopword_clean.xlsx,250
A-J_stopword_clean.xlsx,251
A-J_stopword_clean.xlsx,252
A-J_stopword_clean.xlsx,253
A-J_stopword_clean.xlsx,254
A-J_stopword_clean.xlsx,255
A-J_stopword_clean.xlsx,256
A-J_stopword_clean.xlsx,257
A-J_stopword_clean.xlsx,258
A-J_stopword_clean.xlsx,259
A-J_stopword_clean.xlsx,260
A-J_stopword_clean.xlsx,261
A-J_stopword_clean.xlsx,262
A-J_stopword_clean.xlsx,263
A-J_stopword_clean.xlsx,264
A-J_stopword_clean.xlsx,265
A-J_stopword_clean.xlsx,266
A-J_stopword_clean.xlsx,267
A-J_stopword_clean.xlsx,268
A-J_stopword_clean.xlsx,269
A-J_stopword_clean.xlsx,270
A-J_stopword_clean.xlsx,271
A-J_stopword_clean.xlsx,272
A-J_stopword_clean.xlsx,273
A-J_stopword_clean.xlsx,274
A-J_stopword_clean.xlsx,275
A-J_stopword_clean.xlsx,276
A-J_stopword_clean.xlsx,277
A-J_stopword_clean.xlsx,278
A-J_stopword_clean.xlsx,279
A-J_stopword_clean.xlsx,280
A-J_stopword_clean.xlsx,281
A-J_stopword_clean.xlsx,282
A-J_stopword_clean.xlsx,283
A-J_stopword_clean.xlsx,284
A-J_stopword_clean.xlsx,285
A-J_stopword_clean.xlsx,286
A-J_stopword_clean.xlsx,287
A-J_stopword_clean.xlsx,288
A-J_stopword_clean.xlsx,289
A-J_stopword_clean.xlsx,290
A-J_stopword_clean.xlsx,291
A-J_stopword_clean.xlsx,292
A-J_stopword_clean.xlsx,293
A-J_stopword_clean.xlsx,294
A-J_stopword_clean.xlsx,295
A-J_stopword_clean.xlsx,296
A-J_stopword_clean.xlsx,297
A-J_stopword_clean.xlsx,298
A-J_stopword_clean.xlsx,299
A-J_stopword_clean.xlsx,300
A-J_stopword_clean.xlsx,301
A-J_stopword_clean.xlsx,302
A-J_stopword_clean.xlsx,303
A-J_stopword_clean.xlsx,304
A-J_stopword_clean.xlsx,305
A-J_stopword_clean.xlsx,306
A-J_stopword_clean.xlsx,307
A-J_stopword_clean.xlsx,308
A-J_stopword_clean.xlsx,309
A-J_stopword_clean.xlsx,310
A-J_stopword_clean.xlsx,311
A-J_stopword_clean.xlsx,312
A-J_stopword_clean.xlsx,313
A-J_stopword_clean.xlsx,314
A-J_stopword_clean.xlsx,315
A-J_stopword_clean.xlsx,316
A-J_stopword_clean.xlsx,317
A-J_stopword_clean.xlsx,318
A-J_stopword_clean.xlsx,319
A-J_stopword_clean.xlsx,320
A-J_stopword_clean.xlsx,321
A-J_stopword_clean.xlsx,322
A-J_stopword_clean.xlsx,323
A-J_stopword_clean.xlsx,324
A-J_stopword_clean.xlsx,325
A-J_stopword_clean.xlsx,326
A-J_stopword_clean.xlsx,327
A-J_stopword_clean.xlsx,328
A-J_stopword_clean.xlsx,329
A-J_stopword_clean.xlsx,330
A-J_stopword_clean.xlsx,331
A-J_stopword_clean.xlsx,332
A-J_stopword_clean.xlsx,333
A-J_stopword_clean.xlsx,334
A-J_stopword_clean.xlsx,335
A-J_stopword_clean.xlsx,336
A-J_stopword_clean.xlsx,337
A-J_stopword_clean.xlsx,338
A-J_stopword_clean.xlsx,339
A-J_stopword_clean.xlsx,340
A-J_stopword_clean.xlsx,341
A-J_stopword_clean.xlsx,342
A-J_stopword_clean.xlsx,343
A-J_stopword_clean.xlsx,344
A-J_stopword_clean.xlsx,345
A-J_stopword_clean.xlsx,346
A-J_stopword_clean.xlsx,347
A-J_stopword_clean.xlsx,348
A-J_stopword_clean.xlsx,349
A-J_stopword_clean.xlsx,350
A-J_stopword_clean.xlsx,351
A-J_stopword_clean.xlsx,352
A-J_stopword_clean.xlsx,353
A-J_stopword_clean.xlsx,354
A-J_stopword_clean.xlsx,355
A-J_stopword_clean.xlsx,356
A-J_stopword_clean.xlsx,357
A-J_stopword_clean.xlsx,358
A-J_stopword_clean.xlsx,359
A-J_stopword_clean.xlsx,360
A-J_stopword_clean.xlsx,361
A-J_stopword_clean.xlsx,362
A-J_stopword_clean.xlsx,363
A-J_stopword_clean.xlsx,364
A-J_stopword_clean.xlsx,365
A-J_stopword_clean.xlsx,366
A-J_stopword_clean.xlsx,367
A-J_stopword_clean.xlsx,368
A-J_stopword_clean.xlsx,369
A-J_stopword_clean.xlsx,370
A-J_stopword_clean.xlsx,371
A-J_stopword_clean.xlsx,372
A-J_stopword_clean.xlsx,373
A-J_stopword_clean.xlsx,374
A-J_stopword_clean.xlsx,375
A-J_stopword_clean.xlsx,376
A-J_stopword_clean.xlsx,377
A-J_stopword_clean.xlsx,378
A-J_stopword_clean.xlsx,379
A-J_stopword_clean.xlsx,380
A-J_stopword_clean.xlsx,381
A-J_stopword_clean.xlsx,382
A-J_stopword_clean.xlsx,383
A-J_stopword_clean.xlsx,384
A-J_stopword_clean.xlsx,385
A-J_stopword_clean.xlsx,386
A-J_stopword_clean.xlsx,387
A-J_stopword_clean.xlsx,388
A-J_stopword_clean.xlsx,389
A-J_stopword_clean.xlsx,390
A-J_stopword_clean.xlsx,391
A-J_stopword_clean.xlsx,392
A-J_stopword_clean.xlsx,393
A-J_stopword_clean.xlsx,394
A-J_stopword_clean.xlsx,395
A-J_stopword_clean.xlsx,396
A-J_stopword_clean.xlsx,397
A-J_stopword_clean.xlsx,398
A-J_stopword_clean.xlsx,399
A-J_stopword_clean.xlsx,400
A-J_stopword_clean.xlsx,401
A-J_stopword_clean.xlsx,402
A-J_stopword_clean.xlsx,403
A-J_stopword_clean.xlsx,404
A-J_stopword_clean.xlsx,405
A-J_stopword_clean.xlsx,406
A-J_stopword_clean.xlsx,407
A-J_stopword_clean.xlsx,408
A-J_stopword_clean.xlsx,409
A-J_stopword_clean.xlsx,410
A-J_stopword_clean.xlsx,411
A-J_stopword_clean.xlsx,412
A-J_stopword_clean.xlsx,413
A-J_stopword_clean.xlsx,414
A-J_stopword_clean.xlsx,415
A-J_stopword_clean.xlsx,416
A-J_stopword_clean.xlsx,417
A-J_stopword_clean.xlsx,418
A-J_stopword_clean.xlsx,419
A-J_stopword_clean.xlsx,420
A-J_stopword_clean.xlsx,421
A-J_stopword_clean.xlsx,422
A-J_stopword_clean.xlsx,423
A-J_stopword_clean.xlsx,424
A-J_stopword_clean.xlsx,425
A-J_stopword_clean.xlsx,426
A-J_stopword_clean.xlsx,427
A-J_stopword_clean.xlsx,428
A-J_stopword_clean.xlsx,429
A-J_stopword_clean.xlsx,430
A-J_stopword_clean.xlsx,431
A-J_stopword_clean.xlsx,432
A-J_stopword_clean.xlsx,433
A-J_stopword_clean.xlsx,434
A-J_stopword_clean.xlsx,435
A-J_stopword_clean.xlsx,436
A-J_stopword_clean.xlsx,437
A-J_stopword_clean.xlsx,438
A-J_stopword_clean.xlsx,439
A-J_stopword_clean.xlsx,440
A-J_stopword_clean.xlsx,441
A-J_stopword_clean.xlsx,442
A-J_stopword_clean.xlsx,443
A-J_stopword_clean.xlsx,444
A-J_stopword_clean.xlsx,445
A-J_stopword_clean.xlsx,446
A-J_stopword_clean.xlsx,447
A-J_stopword_clean.xlsx,448
A-J_stopword_clean.xlsx,449
A-J_stopword_clean.xlsx,450
A-J_stopword_clean.xlsx,451
A-J_stopword_clean.xlsx,452
A-J_stopword_clean.xlsx,453
A-J_stopword_clean.xlsx,454
A-J_stopword_clean.xlsx,455
A-J_stopword_clean.xlsx,456
A-J_stopword_clean.xlsx,457
A-J_stopword_clean.xlsx,458
A-J_stopword_clean.xlsx,459
A-J_stopword_clean.xlsx,460
A-J_stopword_clean.xlsx,461
A-J_stopword_clean.xlsx,462
A-J_stopword_clean.xlsx,463
A-J_stopword_clean.xlsx,464
A-J_stopword_clean.xlsx,465
A-J_stopword_clean.xlsx,466
A-J_stopword_clean.xlsx,467
A-J_stopword_clean.xlsx,468
A-J_stopword_clean.xlsx,469
A-J_stopword_clean.xlsx,470
A-J_stopword_clean.xlsx,471
A-J_stopword_clean.xlsx,472
A-J_stopword_clean.xlsx,473
A-J_stopword_clean.xlsx,474
A-J_stopword_clean.xlsx,475
A-J_stopword_clean.xlsx,476
A-J_stopword_clean.xlsx,477
A-J_stopword_clean.xlsx,478
A-J_stopword_clean.xlsx,479
A-J_stopword_clean.xlsx,480
A-J_stopword_clean.xlsx,481
A-J_stopword_clean.xlsx,482
A-J_stopword_clean.xlsx,483
A-J_stopword_clean.xlsx,484
A-J_stopword_clean.xlsx,485
A-J_stopword_clean.xlsx,486
A-J_stopword_clean.xlsx,487
A-J_stopword_clean.xlsx,488
A-J_stopword_clean.xlsx,489
A-J_stopword_clean.xlsx,490
A-J_stopword_clean.xlsx,491
A-J_stopword_clean.xlsx,492
A-J_stopword_clean.xlsx,493
A-J_stopword_clean.xlsx,494
A-J_stopword_clean.xlsx,495
A-J_stopword_clean.xlsx,496
A-J_stopword_clean.xlsx,497
A-J_stopword_clean.xlsx,498
A-J_stopword_clean.xlsx,499
A-J_stopword_clean.xlsx,500
A-J_stopword_clean.xlsx,501
A-J_stopword_clean.xlsx,502
A-J_stopword_clean.xlsx,503
A-J_stopword_clean.xlsx,504
A-J_stopword_clean.xlsx,505
A-J_stopword_clean.xlsx,506
A-J_stopword_clean.xlsx,507
A-J_stopword_clean.xlsx,508
A-J_stopword_clean.xlsx,509
A-J_stopword_clean.xlsx,510
A-J_stopword_clean.xlsx,511
A-J_stopword_clean.xlsx,512
A-J_stopword_clean.xlsx,513
A-J_stopword_clean.xlsx,514
A-J_stopword_clean.xlsx,515
A-J_stopword_clean.xlsx,516
A-J_stopword_clean.xlsx,517
A-J_stopword_clean.xlsx,518
A-J_stopword_clean.xlsx,519
A-J_stopword_clean.xlsx,520
A-J_stopword_clean.xlsx,521
A-J_stopword_clean.xlsx,522
A-J_stopword_clean.xlsx,523
A-J_stopword_clean.xlsx,524
A-J_stopword_clean.xlsx,525
A-J_stopword_clean.xlsx,526
A-J_stopword_clean.xlsx,527
A-J_stopword_clean.xlsx,528
A-J_stopword_clean.xlsx,529
A-J_stopword_clean.xlsx,530
A-J_stopword_clean.xlsx,531
A-J_stopword_clean.xlsx,532
A-J_stopword_clean.xlsx,533
A-J_stopword_clean.xlsx,534
A-J_stopword_clean.xlsx,535
A-J_stopword_clean.xlsx,536
A-J_stopword_clean.xlsx,537
A-J_stopword_clean.xlsx,538
A-J_stopword_clean.xlsx,539
A-J_stopword_clean.xlsx,540
A-J_stopword_clean.xlsx,541
A-J_stopword_clean.xlsx,542
A-J_stopword_clean.xlsx,543
A-J_stopword_clean.xlsx,544
A-J_stopword_clean.xlsx,545
A-J_stopword_clean.xlsx,546
A-J_stopword_clean.xlsx,547
A-J_stopword_clean.xlsx,548
A-J_stopword_clean.xlsx,549
A-J_stopword_clean.xlsx,550
A-J_stopword_clean.xlsx,551
A-J_stopword_clean.xlsx,552
A-J_stopword_clean.xlsx,553
A-J_stopword_clean.xlsx,554
A-J_stopword_clean.xlsx,555
A-J_stopword_clean.xlsx,556
A-J_stopword_clean.xlsx,557
A-J_stopword_clean.xlsx,558
A-J_stopword_clean.xlsx,559
A-J_stopword_clean.xlsx,560
A-J_stopword_clean.xlsx,561
A-J_stopword_clean.xlsx,562
A-J_stopword_clean.xlsx,563
A-J_stopword_clean.xlsx,564
A-J_stopword_clean.xlsx,565
A-J_stopword_clean.xlsx,566
A-J_stopword_clean.xlsx,567
A-J_stopword_clean.xlsx,568
A-J_stopword_clean.xlsx,569
A-J_stopword_clean.xlsx,570
A-J_stopword_clean.xlsx,571
A-J_stopword_clean.xlsx,572
A-J_stopword_clean.xlsx,573
A-J_stopword_clean.xlsx,574
A-J_stopword_clean.xlsx,575
A-J_stopword_clean.xlsx,576
A-J_stopword_clean.xlsx,577
A-J_stopword_clean.xlsx,578
A-J_stopword_clean.xlsx,579
A-J_stopword_clean.xlsx,580
A-J_stopword_clean.xlsx,581
A-J_stopword_clean.xlsx,582
A-J_stopword_clean.xlsx,583
A-J_stopword_clean.xlsx,584
A-J_stopword_clean.xlsx,585
A-J_stopword_clean.xlsx,586
A-J_stopword_clean.xlsx,587
A-J_stopword_clean.xlsx,588
A-J_stopword_clean.xlsx,589
A-J_stopword_clean.xlsx,590
A-J_stopword_clean.xlsx,591
A-J_stopword_clean.xlsx,592
A-J_stopword_clean.xlsx,593
A-J_stopword_clean.xlsx,594
A-J_stopword_clean.xlsx,595
A-J_stopword_clean.xlsx,596
A-J_stopword_clean.xlsx,597
A-J_stopword_clean.xlsx,598
BBC_stopword_clean.xlsx,599
BBC_stopword_clean.xlsx,600
BBC_stopword_clean.xlsx,601
BBC_stopword_clean.xlsx,602
BBC_stopword_clean.xlsx,603
BBC_stopword_clean.xlsx,604
BBC_stopword_clean.xlsx,605
BBC_stopword_clean.xlsx,606
BBC_stopword_clean.xlsx,607
BBC_stopword_clean.xlsx,608
BBC_stopword_clean.xlsx,609
BBC_stopword_clean.xlsx,610
BBC_stopword_clean.xlsx,611
BBC_stopword_clean.xlsx,612
BBC_stopword_clean.xlsx,613
BBC_stopword_clean.xlsx,614
BBC_stopword_clean.xlsx,615
BBC_stopword_clean.xlsx,616
BBC_stopword_clean.xlsx,617
BBC_stopword_clean.xlsx,618
BBC_stopword_clean.xlsx,619
BBC_stopword_clean.xlsx,620
BBC_stopword_clean.xlsx,621
BBC_stopword_clean.xlsx,622
BBC_stopword_clean.xlsx,623
BBC_stopword_clean.xlsx,624
BBC_stopword_clean.xlsx,625
BBC_stopword_clean.xlsx,626
BBC_stopword_clean.xlsx,627
BBC_stopword_clean.xlsx,628
BBC_stopword_clean.xlsx,629
BBC_stopword_clean.xlsx,630
BBC_stopword_clean.xlsx,631
BBC_stopword_clean.xlsx,632
BBC_stopword_clean.xlsx,633
BBC_stopword_clean.xlsx,634
BBC_stopword_clean.xlsx,635
BBC_stopword_clean.xlsx,636
BBC_stopword_clean.xlsx,637
BBC_stopword_clean.xlsx,638
BBC_stopword_clean.xlsx,639
BBC_stopword_clean.xlsx,640
BBC_stopword_clean.xlsx,641
BBC_stopword_clean.xlsx,642
BBC_stopword_clean.xlsx,643
BBC_stopword_clean.xlsx,644
BBC_stopword_clean.xlsx,645
BBC_stopword_clean.xlsx,646
BBC_stopword_clean.xlsx,647
BBC_stopword_clean.xlsx,648
BBC_stopword_clean.xlsx,649
BBC_stopword_clean.xlsx,650
BBC_stopword_clean.xlsx,651
BBC_stopword_clean.xlsx,652
BBC_stopword_clean.xlsx,653
BBC_stopword_clean.xlsx,654
BBC_stopword_clean.xlsx,655
BBC_stopword_clean.xlsx,656
BBC_stopword_clean.xlsx,657
BBC_stopword_clean.xlsx,658
BBC_stopword_clean.xlsx,659
BBC_stopword_clean.xlsx,660
BBC_stopword_clean.xlsx,661
BBC_stopword_clean.xlsx,662
BBC_stopword_clean.xlsx,663
BBC_stopword_clean.xlsx,664
BBC_stopword_clean.xlsx,665
BBC_stopword_clean.xlsx,666
BBC_stopword_clean.xlsx,667
BBC_stopword_clean.xlsx,668
BBC_stopword_clean.xlsx,669
BBC_stopword_clean.xlsx,670
BBC_stopword_clean.xlsx,671
BBC_stopword_clean.xlsx,672
BBC_stopword_clean.xlsx,673
BBC_stopword_clean.xlsx,674
BBC_stopword_clean.xlsx,675
BBC_stopword_clean.xlsx,676
BBC_stopword_clean.xlsx,677
BBC_stopword_clean.xlsx,678
BBC_stopword_clean.xlsx,679
BBC_stopword_clean.xlsx,680
BBC_stopword_clean.xlsx,681
BBC_stopword_clean.xlsx,682
BBC_stopword_clean.xlsx,683
BBC_stopword_clean.xlsx,684
BBC_stopword_clean.xlsx,685
BBC_stopword_clean.xlsx,686
BBC_stopword_clean.xlsx,687
BBC_stopword_clean.xlsx,688
BBC_stopword_clean.xlsx,689
BBC_stopword_clean.xlsx,690
BBC_stopword_clean.xlsx,691
BBC_stopword_clean.xlsx,692
BBC_stopword_clean.xlsx,693
BBC_stopword_clean.xlsx,694
BBC_stopword_clean.xlsx,695
BBC_stopword_clean.xlsx,696
BBC_stopword_clean.xlsx,697
BBC_stopword_clean.xlsx,698
BBC_stopword_clean.xlsx,699
BBC_stopword_clean.xlsx,700
BBC_stopword_clean.xlsx,701
BBC_stopword_clean.xlsx,702
BBC_stopword_clean.xlsx,703
BBC_stopword_clean.xlsx,704
BBC_stopword_clean.xlsx,705
BBC_stopword_clean.xlsx,706
BBC_stopword_clean.xlsx,707
BBC_stopword_clean.xlsx,708
BBC_stopword_clean.xlsx,709
BBC_stopword_clean.xlsx,710
BBC_stopword_clean.xlsx,711
BBC_stopword_clean.xlsx,712
BBC_stopword_clean.xlsx,713
BBC_stopword_clean.xlsx,714
BBC_stopword_clean.xlsx,715
BBC_stopword_clean.xlsx,716
BBC_stopword_clean.xlsx,717
BBC_stopword_clean.xlsx,718
BBC_stopword_clean.xlsx,719
BBC_stopword_clean.xlsx,720
BBC_stopword_clean.xlsx,721
BBC_stopword_clean.xlsx,722
BBC_stopword_clean.xlsx,723
BBC_stopword_clean.xlsx,724
BBC_stopword_clean.xlsx,725
BBC_stopword_clean.xlsx,726
BBC_stopword_clean.xlsx,727
BBC_stopword_clean.xlsx,728
BBC_stopword_clean.xlsx,729
BBC_stopword_clean.xlsx,730
BBC_stopword_clean.xlsx,731
BBC_stopword_clean.xlsx,732
BBC_stopword_clean.xlsx,733
BBC_stopword_clean.xlsx,734
BBC_stopword_clean.xlsx,735
BBC_stopword_clean.xlsx,736
BBC_stopword_clean.xlsx,737
BBC_stopword_clean.xlsx,738
BBC_stopword_clean.xlsx,739
BBC_stopword_clean.xlsx,740
BBC_stopword_clean.xlsx,741
BBC_stopword_clean.xlsx,742
BBC_stopword_clean.xlsx,743
BBC_stopword_clean.xlsx,744
BBC_stopword_clean.xlsx,745
BBC_stopword_clean.xlsx,746
BBC_stopword_clean.xlsx,747
BBC_stopword_clean.xlsx,748
BBC_stopword_clean.xlsx,749
BBC_stopword_clean.xlsx,750
BBC_stopword_clean.xlsx,751
BBC_stopword_clean.xlsx,752
BBC_stopword_clean.xlsx,753
BBC_stopword_clean.xlsx,754
BBC_stopword_clean.xlsx,755
BBC_stopword_clean.xlsx,756
BBC_stopword_clean.xlsx,757
BBC_stopword_clean.xlsx,758
BBC_stopword_clean.xlsx,759
BBC_stopword_clean.xlsx,760
BBC_stopword_clean.xlsx,761
BBC_stopword_clean.xlsx,762
BBC_stopword_clean.xlsx,763
BBC_stopword_clean.xlsx,764
BBC_stopword_clean.xlsx,765
BBC_stopword_clean.xlsx,766
BBC_stopword_clean.xlsx,767
BBC_stopword_clean.xlsx,768
BBC_stopword_clean.xlsx,769
BBC_stopword_clean.xlsx,770
BBC_stopword_clean.xlsx,771
BBC_stopword_clean.xlsx,772
BBC_stopword_clean.xlsx,773
BBC_stopword_clean.xlsx,774
BBC_stopword_clean.xlsx,775
BBC_stopword_clean.xlsx,776
BBC_stopword_clean.xlsx,777
BBC_stopword_clean.xlsx,778
BBC_stopword_clean.xlsx,779
BBC_stopword_clean.xlsx,780
BBC_stopword_clean.xlsx,781
BBC_stopword_clean.xlsx,782
BBC_stopword_clean.xlsx,783
BBC_stopword_clean.xlsx,784
BBC_stopword_clean.xlsx,785
BBC_stopword_clean.xlsx,786
BBC_stopword_clean.xlsx,787
BBC_stopword_clean.xlsx,788
BBC_stopword_clean.xlsx,789
BBC_stopword_clean.xlsx,790
BBC_stopword_clean.xlsx,791
BBC_stopword_clean.xlsx,792
BBC_stopword_clean.xlsx,793
BBC_stopword_clean.xlsx,794
BBC_stopword_clean.xlsx,795
BBC_stopword_clean.xlsx,796
BBC_stopword_clean.xlsx,797
BBC_stopword_clean.xlsx,798
BBC_stopword_clean.xlsx,799
BBC_stopword_clean.xlsx,800
BBC_stopword_clean.xlsx,801
BBC_stopword_clean.xlsx,802
BBC_stopword_clean.xlsx,803
BBC_stopword_clean.xlsx,804
BBC_stopword_clean.xlsx,805
BBC_stopword_clean.xlsx,806
BBC_stopword_clean.xlsx,807
BBC_stopword_clean.xlsx,808
BBC_stopword_clean.xlsx,809
BBC_stopword_clean.xlsx,810
BBC_stopword_clean.xlsx,811
BBC_stopword_clean.xlsx,812
BBC_stopword_clean.xlsx,813
BBC_stopword_clean.xlsx,814
BBC_stopword_clean.xlsx,815
BBC_stopword_clean.xlsx,816
BBC_stopword_clean.xlsx,817
BBC_stopword_clean.xlsx,818
BBC_stopword_clean.xlsx,819
BBC_stopword_clean.xlsx,820
BBC_stopword_clean.xlsx,821
BBC_stopword_clean.xlsx,822
BBC_stopword_clean.xlsx,823
BBC_stopword_clean.xlsx,824
BBC_stopword_clean.xlsx,825
BBC_stopword_clean.xlsx,826
BBC_stopword_clean.xlsx,827
BBC_stopword_clean.xlsx,828
BBC_stopword_clean.xlsx,829
BBC_stopword_clean.xlsx,830
BBC_stopword_clean.xlsx,831
BBC_stopword_clean.xlsx,832
BBC_stopword_clean.xlsx,833
BBC_stopword_clean.xlsx,834
BBC_stopword_clean.xlsx,835
BBC_stopword_clean.xlsx,836
BBC_stopword_clean.xlsx,837
BBC_stopword_clean.xlsx,838
BBC_stopword_clean.xlsx,839
BBC_stopword_clean.xlsx,840
BBC_stopword_clean.xlsx,841
BBC_stopword_clean.xlsx,842
BBC_stopword_clean.xlsx,843
BBC_stopword_clean.xlsx,844
BBC_stopword_clean.xlsx,845
BBC_stopword_clean.xlsx,846
BBC_stopword_clean.xlsx,847
BBC_stopword_clean.xlsx,848
BBC_stopword_clean.xlsx,849
BBC_stopword_clean.xlsx,850
BBC_stopword_clean.xlsx,851
BBC_stopword_clean.xlsx,852
BBC_stopword_clean.xlsx,853
BBC_stopword_clean.xlsx,854
BBC_stopword_clean.xlsx,855
BBC_stopword_clean.xlsx,856
BBC_stopword_clean.xlsx,857
BBC_stopword_clean.xlsx,858
BBC_stopword_clean.xlsx,859
BBC_stopword_clean.xlsx,860
BBC_stopword_clean.xlsx,861
BBC_stopword_clean.xlsx,862
BBC_stopword_clean.xlsx,863
BBC_stopword_clean.xlsx,864
BBC_stopword_clean.xlsx,865
BBC_stopword_clean.xlsx,866
BBC_stopword_clean.xlsx,867
BBC_stopword_clean.xlsx,868
BBC_stopword_clean.xlsx,869
BBC_stopword_clean.xlsx,870
BBC_stopword_clean.xlsx,871
BBC_stopword_clean.xlsx,872
BBC_stopword_clean.xlsx,873
BBC_stopword_clean.xlsx,874
BBC_stopword_clean.xlsx,875
BBC_stopword_clean.xlsx,876
BBC_stopword_clean.xlsx,877
BBC_stopword_clean.xlsx,878
BBC_stopword_clean.xlsx,879
BBC_stopword_clean.xlsx,880
BBC_stopword_clean.xlsx,881
BBC_stopword_clean.xlsx,882
BBC_stopword_clean.xlsx,883
BBC_stopword_clean.xlsx,884
BBC_stopword_clean.xlsx,885
BBC_stopword_clean.xlsx,886
BBC_stopword_clean.xlsx,887
BBC_stopword_clean.xlsx,888
BBC_stopword_clean.xlsx,889
BBC_stopword_clean.xlsx,890
BBC_stopword_clean.xlsx,891
BBC_stopword_clean.xlsx,892
BBC_stopword_clean.xlsx,893
BBC_stopword_clean.xlsx,894
BBC_stopword_clean.xlsx,895
BBC_stopword_clean.xlsx,896
BBC_stopword_clean.xlsx,897
BBC_stopword_clean.xlsx,898
BBC_stopword_clean.xlsx,899
BBC_stopword_clean.xlsx,900
BBC_stopword_clean.xlsx,901
BBC_stopword_clean.xlsx,902
BBC_stopword_clean.xlsx,903
BBC_stopword_clean.xlsx,904
BBC_stopword_clean.xlsx,905
BBC_stopword_clean.xlsx,906
BBC_stopword_clean.xlsx,907
BBC_stopword_clean.xlsx,908
BBC_stopword_clean.xlsx,909
BBC_stopword_clean.xlsx,910
BBC_stopword_clean.xlsx,911
BBC_stopword_clean.xlsx,912
BBC_stopword_clean.xlsx,913
BBC_stopword_clean.xlsx,914
BBC_stopword_clean.xlsx,915
BBC_stopword_clean.xlsx,916
BBC_stopword_clean.xlsx,917
BBC_stopword_clean.xlsx,918
BBC_stopword_clean.xlsx,919
BBC_stopword_clean.xlsx,920
BBC_stopword_clean.xlsx,921
BBC_stopword_clean.xlsx,922
BBC_stopword_clean.xlsx,923
BBC_stopword_clean.xlsx,924
BBC_stopword_clean.xlsx,925
BBC_stopword_clean.xlsx,926
BBC_stopword_clean.xlsx,927
BBC_stopword_clean.xlsx,928
BBC_stopword_clean.xlsx,929
BBC_stopword_clean.xlsx,930
BBC_stopword_clean.xlsx,931
BBC_stopword_clean.xlsx,932
BBC_stopword_clean.xlsx,933
BBC_stopword_clean.xlsx,934
BBC_stopword_clean.xlsx,935
BBC_stopword_clean.xlsx,936
BBC_stopword_clean.xlsx,937
BBC_stopword_clean.xlsx,938
BBC_stopword_clean.xlsx,939
BBC_stopword_clean.xlsx,940
BBC_stopword_clean.xlsx,941
BBC_stopword_clean.xlsx,942
BBC_stopword_clean.xlsx,943
BBC_stopword_clean.xlsx,944
BBC_stopword_clean.xlsx,945
BBC_stopword_clean.xlsx,946
BBC_stopword_clean.xlsx,947
BBC_stopword_clean.xlsx,948
BBC_stopword_clean.xlsx,949
BBC_stopword_clean.xlsx,950
BBC_stopword_clean.xlsx,951
BBC_stopword_clean.xlsx,952
BBC_stopword_clean.xlsx,953
BBC_stopword_clean.xlsx,954
BBC_stopword_clean.xlsx,955
BBC_stopword_clean.xlsx,956
BBC_stopword_clean.xlsx,957
BBC_stopword_clean.xlsx,958
BBC_stopword_clean.xlsx,959
BBC_stopword_clean.xlsx,960
BBC_stopword_clean.xlsx,961
BBC_stopword_clean.xlsx,962
BBC_stopword_clean.xlsx,963
BBC_stopword_clean.xlsx,964
BBC_stopword_clean.xlsx,965
BBC_stopword_clean.xlsx,966
BBC_stopword_clean.xlsx,967
BBC_stopword_clean.xlsx,968
BBC_stopword_clean.xlsx,969
BBC_stopword_clean.xlsx,970
BBC_stopword_clean.xlsx,971
BBC_stopword_clean.xlsx,972
BBC_stopword_clean.xlsx,973
BBC_stopword_clean.xlsx,974
BBC_stopword_clean.xlsx,975
BBC_stopword_clean.xlsx,976
BBC_stopword_clean.xlsx,977
BBC_stopword_clean.xlsx,978
BBC_stopword_clean.xlsx,979
BBC_stopword_clean.xlsx,980
BBC_stopword_clean.xlsx,981
BBC_stopword_clean.xlsx,982
BBC_stopword_clean.xlsx,983
BBC_stopword_clean.xlsx,984
BBC_stopword_clean.xlsx,985
BBC_stopword_clean.xlsx,986
BBC_stopword_clean.xlsx,987
BBC_stopword_clean.xlsx,988
BBC_stopword_clean.xlsx,989
BBC_stopword_clean.xlsx,990
BBC_stopword_clean.xlsx,991
BBC_stopword_clean.xlsx,992
BBC_stopword_clean.xlsx,993
BBC_stopword_clean.xlsx,994
BBC_stopword_clean.xlsx,995
BBC_stopword_clean.xlsx,996
BBC_stopword_clean.xlsx,997
BBC_stopword_clean.xlsx,998
BBC_stopword_clean.xlsx,999
BBC_stopword_clean.xlsx,1000
BBC_stopword_clean.xlsx,1001
BBC_stopword_clean.xlsx,1002
BBC_stopword_clean.xlsx,1003
BBC_stopword_clean.xlsx,1004
BBC_stopword_clean.xlsx,1005
BBC_stopword_clean.xlsx,1006
BBC_stopword_clean.xlsx,1007
BBC_stopword_clean.xlsx,1008
BBC_stopword_clean.xlsx,1009
BBC_stopword_clean.xlsx,1010
BBC_stopword_clean.xlsx,1011
BBC_stopword_clean.xlsx,1012
BBC_stopword_clean.xlsx,1013
BBC_stopword_clean.xlsx,1014
BBC_stopword_clean.xlsx,1015
BBC_stopword_clean.xlsx,1016
BBC_stopword_clean.xlsx,1017
BBC_stopword_clean.xlsx,1018
BBC_stopword_clean.xlsx,1019
BBC_stopword_clean.xlsx,1020
BBC_stopword_clean.xlsx,1021
BBC_stopword_clean.xlsx,1022
BBC_stopword_clean.xlsx,1023
BBC_stopword_clean.xlsx,1024
BBC_stopword_clean.xlsx,1025
BBC_stopword_clean.xlsx,1026
BBC_stopword_clean.xlsx,1027
BBC_stopword_clean.xlsx,1028
BBC_stopword_clean.xlsx,1029
BBC_stopword_clean.xlsx,1030
BBC_stopword_clean.xlsx,1031
BBC_stopword_clean.xlsx,1032
BBC_stopword_clean.xlsx,1033
BBC_stopword_clean.xlsx,1034
BBC_stopword_clean.xlsx,1035
BBC_stopword_clean.xlsx,1036
BBC_stopword_clean.xlsx,1037
BBC_stopword_clean.xlsx,1038
BBC_stopword_clean.xlsx,1039
BBC_stopword_clean.xlsx,1040
BBC_stopword_clean.xlsx,1041
BBC_stopword_clean.xlsx,1042
BBC_stopword_clean.xlsx,1043
BBC_stopword_clean.xlsx,1044
BBC_stopword_clean.xlsx,1045
BBC_stopword_clean.xlsx,1046
BBC_stopword_clean.xlsx,1047
BBC_stopword_clean.xlsx,1048
BBC_stopword_clean.xlsx,1049
BBC_stopword_clean.xlsx,1050
BBC_stopword_clean.xlsx,1051
BBC_stopword_clean.xlsx,1052
BBC_stopword_clean.xlsx,1053
BBC_stopword_clean.xlsx,1054
BBC_stopword_clean.xlsx,1055
BBC_stopword_clean.xlsx,1056
BBC_stopword_clean.xlsx,1057
BBC_stopword_clean.xlsx,1058
BBC_stopword_clean.xlsx,1059
BBC_stopword_clean.xlsx,1060
BBC_stopword_clean.xlsx,1061
BBC_stopword_clean.xlsx,1062
BBC_stopword_clean.xlsx,1063
BBC_stopword_clean.xlsx,1064
BBC_stopword_clean.xlsx,1065
BBC_stopword_clean.xlsx,1066
BBC_stopword_clean.xlsx,1067
BBC_stopword_clean.xlsx,1068
BBC_stopword_clean.xlsx,1069
BBC_stopword_clean.xlsx,1070
BBC_stopword_clean.xlsx,1071
BBC_stopword_clean.xlsx,1072
BBC_stopword_clean.xlsx,1073
BBC_stopword_clean.xlsx,1074
BBC_stopword_clean.xlsx,1075
BBC_stopword_clean.xlsx,1076
BBC_stopword_clean.xlsx,1077
BBC_stopword_clean.xlsx,1078
BBC_stopword_clean.xlsx,1079
BBC_stopword_clean.xlsx,1080
BBC_stopword_clean.xlsx,1081
BBC_stopword_clean.xlsx,1082
BBC_stopword_clean.xlsx,1083
BBC_stopword_clean.xlsx,1084
BBC_stopword_clean.xlsx,1085
BBC_stopword_clean.xlsx,1086
BBC_stopword_clean.xlsx,1087
BBC_stopword_clean.xlsx,1088
BBC_stopword_clean.xlsx,1089
BBC_stopword_clean.xlsx,1090
BBC_stopword_clean.xlsx,1091
BBC_stopword_clean.xlsx,1092
BBC_stopword_clean.xlsx,1093
BBC_stopword_clean.xlsx,1094
BBC_stopword_clean.xlsx,1095
BBC_stopword_clean.xlsx,1096
BBC_stopword_clean.xlsx,1097
BBC_stopword_clean.xlsx,1098
BBC_stopword_clean.xlsx,1099
BBC_stopword_clean.xlsx,1100
BBC_stopword_clean.xlsx,1101
BBC_stopword_clean.xlsx,1102
BBC_stopword_clean.xlsx,1103
BBC_stopword_clean.xlsx,1104
BBC_stopword_clean.xlsx,1105
BBC_stopword_clean.xlsx,1106
BBC_stopword_clean.xlsx,1107
BBC_stopword_clean.xlsx,1108
BBC_stopword_clean.xlsx,1109
BBC_stopword_clean.xlsx,1110
BBC_stopword_clean.xlsx,1111
BBC_stopword_clean.xlsx,1112
BBC_stopword_clean.xlsx,1113
BBC_stopword_clean.xlsx,1114
BBC_stopword_clean.xlsx,1115
BBC_stopword_clean.xlsx,1116
BBC_stopword_clean.xlsx,1117
BBC_stopword_clean.xlsx,1118
BBC_stopword_clean.xlsx,1119
BBC_stopword_clean.xlsx,1120
BBC_stopword_clean.xlsx,1121
BBC_stopword_clean.xlsx,1122
BBC_stopword_clean.xlsx,1123
BBC_stopword_clean.xlsx,1124
BBC_stopword_clean.xlsx,1125
BBC_stopword_clean.xlsx,1126
BBC_stopword_clean.xlsx,1127
BBC_stopword_clean.xlsx,1128
BBC_stopword_clean.xlsx,1129
BBC_stopword_clean.xlsx,1130
BBC_stopword_clean.xlsx,1131
BBC_stopword_clean.xlsx,1132
BBC_stopword_clean.xlsx,1133
BBC_stopword_clean.xlsx,1134
BBC_stopword_clean.xlsx,1135
BBC_stopword_clean.xlsx,1136
BBC_stopword_clean.xlsx,1137
BBC_stopword_clean.xlsx,1138
BBC_stopword_clean.xlsx,1139
BBC_stopword_clean.xlsx,1140
BBC_stopword_clean.xlsx,1141
BBC_stopword_clean.xlsx,1142
BBC_stopword_clean.xlsx,1143
BBC_stopword_clean.xlsx,1144
BBC_stopword_clean.xlsx,1145
BBC_stopword_clean.xlsx,1146
BBC_stopword_clean.xlsx,1147
J-P_stopword_clean.xlsx,1148
J-P_stopword_clean.xlsx,1149
J-P_stopword_clean.xlsx,1150
J-P_stopword_clean.xlsx,1151
J-P_stopword_clean.xlsx,1152
J-P_stopword_clean.xlsx,1153
J-P_stopword_clean.xlsx,1154
J-P_stopword_clean.xlsx,1155
J-P_stopword_clean.xlsx,1156
J-P_stopword_clean.xlsx,1157
J-P_stopword_clean.xlsx,1158
J-P_stopword_clean.xlsx,1159
J-P_stopword_clean.xlsx,1160
J-P_stopword_clean.xlsx,1161
J-P_stopword_clean.xlsx,1162
J-P_stopword_clean.xlsx,1163
J-P_stopword_clean.xlsx,1164
J-P_stopword_clean.xlsx,1165
J-P_stopword_clean.xlsx,1166
J-P_stopword_clean.xlsx,1167
J-P_stopword_clean.xlsx,1168
J-P_stopword_clean.xlsx,1169
J-P_stopword_clean.xlsx,1170
J-P_stopword_clean.xlsx,1171
J-P_stopword_clean.xlsx,1172
J-P_stopword_clean.xlsx,1173
J-P_stopword_clean.xlsx,1174
J-P_stopword_clean.xlsx,1175
J-P_stopword_clean.xlsx,1176
J-P_stopword_clean.xlsx,1177
J-P_stopword_clean.xlsx,1178
J-P_stopword_clean.xlsx,1179
J-P_stopword_clean.xlsx,1180
J-P_stopword_clean.xlsx,1181
J-P_stopword_clean.xlsx,1182
J-P_stopword_clean.xlsx,1183
J-P_stopword_clean.xlsx,1184
J-P_stopword_clean.xlsx,1185
J-P_stopword_clean.xlsx,1186
J-P_stopword_clean.xlsx,1187
J-P_stopword_clean.xlsx,1188
J-P_stopword_clean.xlsx,1189
J-P_stopword_clean.xlsx,1190
J-P_stopword_clean.xlsx,1191
J-P_stopword_clean.xlsx,1192
J-P_stopword_clean.xlsx,1193
J-P_stopword_clean.xlsx,1194
J-P_stopword_clean.xlsx,1195
J-P_stopword_clean.xlsx,1196
J-P_stopword_clean.xlsx,1197
J-P_stopword_clean.xlsx,1198
J-P_stopword_clean.xlsx,1199
J-P_stopword_clean.xlsx,1200
J-P_stopword_clean.xlsx,1201
J-P_stopword_clean.xlsx,1202
J-P_stopword_clean.xlsx,1203
J-P_stopword_clean.xlsx,1204
J-P_stopword_clean.xlsx,1205
J-P_stopword_clean.xlsx,1206
J-P_stopword_clean.xlsx,1207
J-P_stopword_clean.xlsx,1208
J-P_stopword_clean.xlsx,1209
J-P_stopword_clean.xlsx,1210
J-P_stopword_clean.xlsx,1211
J-P_stopword_clean.xlsx,1212
J-P_stopword_clean.xlsx,1213
J-P_stopword_clean.xlsx,1214
J-P_stopword_clean.xlsx,1215
J-P_stopword_clean.xlsx,1216
J-P_stopword_clean.xlsx,1217
J-P_stopword_clean.xlsx,1218
J-P_stopword_clean.xlsx,1219
J-P_stopword_clean.xlsx,1220
J-P_stopword_clean.xlsx,1221
J-P_stopword_clean.xlsx,1222
J-P_stopword_clean.xlsx,1223
J-P_stopword_clean.xlsx,1224
J-P_stopword_clean.xlsx,1225
J-P_stopword_clean.xlsx,1226
J-P_stopword_clean.xlsx,1227
J-P_stopword_clean.xlsx,1228
J-P_stopword_clean.xlsx,1229
J-P_stopword_clean.xlsx,1230
J-P_stopword_clean.xlsx,1231
J-P_stopword_clean.xlsx,1232
J-P_stopword_clean.xlsx,1233
J-P_stopword_clean.xlsx,1234
J-P_stopword_clean.xlsx,1235
J-P_stopword_clean.xlsx,1236
J-P_stopword_clean.xlsx,1237
J-P_stopword_clean.xlsx,1238
J-P_stopword_clean.xlsx,1239
J-P_stopword_clean.xlsx,1240
J-P_stopword_clean.xlsx,1241
J-P_stopword_clean.xlsx,1242
J-P_stopword_clean.xlsx,1243
J-P_stopword_clean.xlsx,1244
J-P_stopword_clean.xlsx,1245
J-P_stopword_clean.xlsx,1246
J-P_stopword_clean.xlsx,1247
J-P_stopword_clean.xlsx,1248
J-P_stopword_clean.xlsx,1249
J-P_stopword_clean.xlsx,1250
J-P_stopword_clean.xlsx,1251
J-P_stopword_clean.xlsx,1252
J-P_stopword_clean.xlsx,1253
J-P_stopword_clean.xlsx,1254
J-P_stopword_clean.xlsx,1255
J-P_stopword_clean.xlsx,1256
J-P_stopword_clean.xlsx,1257
J-P_stopword_clean.xlsx,1258
J-P_stopword_clean.xlsx,1259
J-P_stopword_clean.xlsx,1260
J-P_stopword_clean.xlsx,1261
J-P_stopword_clean.xlsx,1262
J-P_stopword_clean.xlsx,1263
J-P_stopword_clean.xlsx,1264
J-P_stopword_clean.xlsx,1265
J-P_stopword_clean.xlsx,1266
J-P_stopword_clean.xlsx,1267
J-P_stopword_clean.xlsx,1268
J-P_stopword_clean.xlsx,1269
J-P_stopword_clean.xlsx,1270
J-P_stopword_clean.xlsx,1271
J-P_stopword_clean.xlsx,1272
J-P_stopword_clean.xlsx,1273
J-P_stopword_clean.xlsx,1274
J-P_stopword_clean.xlsx,1275
J-P_stopword_clean.xlsx,1276
J-P_stopword_clean.xlsx,1277
J-P_stopword_clean.xlsx,1278
J-P_stopword_clean.xlsx,1279
J-P_stopword_clean.xlsx,1280
J-P_stopword_clean.xlsx,1281
J-P_stopword_clean.xlsx,1282
J-P_stopword_clean.xlsx,1283
J-P_stopword_clean.xlsx,1284
J-P_stopword_clean.xlsx,1285
J-P_stopword_clean.xlsx,1286
J-P_stopword_clean.xlsx,1287
J-P_stopword_clean.xlsx,1288
J-P_stopword_clean.xlsx,1289
J-P_stopword_clean.xlsx,1290
J-P_stopword_clean.xlsx,1291
J-P_stopword_clean.xlsx,1292
J-P_stopword_clean.xlsx,1293
J-P_stopword_clean.xlsx,1294
J-P_stopword_clean.xlsx,1295
J-P_stopword_clean.xlsx,1296
J-P_stopword_clean.xlsx,1297
J-P_stopword_clean.xlsx,1298
J-P_stopword_clean.xlsx,1299
J-P_stopword_clean.xlsx,1300
J-P_stopword_clean.xlsx,1301
J-P_stopword_clean.xlsx,1302
J-P_stopword_clean.xlsx,1303
J-P_stopword_clean.xlsx,1304
J-P_stopword_clean.xlsx,1305
J-P_stopword_clean.xlsx,1306
J-P_stopword_clean.xlsx,1307
J-P_stopword_clean.xlsx,1308
J-P_stopword_clean.xlsx,1309
J-P_stopword_clean.xlsx,1310
J-P_stopword_clean.xlsx,1311
J-P_stopword_clean.xlsx,1312
J-P_stopword_clean.xlsx,1313
J-P_stopword_clean.xlsx,1314
J-P_stopword_clean.xlsx,1315
J-P_stopword_clean.xlsx,1316
J-P_stopword_clean.xlsx,1317
J-P_stopword_clean.xlsx,1318
J-P_stopword_clean.xlsx,1319
J-P_stopword_clean.xlsx,1320
J-P_stopword_clean.xlsx,1321
J-P_stopword_clean.xlsx,1322
J-P_stopword_clean.xlsx,1323
J-P_stopword_clean.xlsx,1324
J-P_stopword_clean.xlsx,1325
J-P_stopword_clean.xlsx,1326
J-P_stopword_clean.xlsx,1327
J-P_stopword_clean.xlsx,1328
J-P_stopword_clean.xlsx,1329
J-P_stopword_clean.xlsx,1330
J-P_stopword_clean.xlsx,1331
J-P_stopword_clean.xlsx,1332
J-P_stopword_clean.xlsx,1333
J-P_stopword_clean.xlsx,1334
J-P_stopword_clean.xlsx,1335
J-P_stopword_clean.xlsx,1336
J-P_stopword_clean.xlsx,1337
J-P_stopword_clean.xlsx,1338
J-P_stopword_clean.xlsx,1339
J-P_stopword_clean.xlsx,1340
J-P_stopword_clean.xlsx,1341
J-P_stopword_clean.xlsx,1342
J-P_stopword_clean.xlsx,1343
J-P_stopword_clean.xlsx,1344
J-P_stopword_clean.xlsx,1345
J-P_stopword_clean.xlsx,1346
J-P_stopword_clean.xlsx,1347
J-P_stopword_clean.xlsx,1348
J-P_stopword_clean.xlsx,1349
J-P_stopword_clean.xlsx,1350
J-P_stopword_clean.xlsx,1351
J-P_stopword_clean.xlsx,1352
J-P_stopword_clean.xlsx,1353
J-P_stopword_clean.xlsx,1354
J-P_stopword_clean.xlsx,1355
J-P_stopword_clean.xlsx,1356
J-P_stopword_clean.xlsx,1357
J-P_stopword_clean.xlsx,1358
J-P_stopword_clean.xlsx,1359
J-P_stopword_clean.xlsx,1360
J-P_stopword_clean.xlsx,1361
J-P_stopword_clean.xlsx,1362
J-P_stopword_clean.xlsx,1363
J-P_stopword_clean.xlsx,1364
J-P_stopword_clean.xlsx,1365
J-P_stopword_clean.xlsx,1366
J-P_stopword_clean.xlsx,1367
J-P_stopword_clean.xlsx,1368
J-P_stopword_clean.xlsx,1369
J-P_stopword_clean.xlsx,1370
J-P_stopword_clean.xlsx,1371
J-P_stopword_clean.xlsx,1372
J-P_stopword_clean.xlsx,1373
J-P_stopword_clean.xlsx,1374
J-P_stopword_clean.xlsx,1375
J-P_stopword_clean.xlsx,1376
J-P_stopword_clean.xlsx,1377
J-P_stopword_clean.xlsx,1378
J-P_stopword_clean.xlsx,1379
J-P_stopword_clean.xlsx,1380
J-P_stopword_clean.xlsx,1381
J-P_stopword_clean.xlsx,1382
J-P_stopword_clean.xlsx,1383
J-P_stopword_clean.xlsx,1384
J-P_stopword_clean.xlsx,1385
J-P_stopword_clean.xlsx,1386
J-P_stopword_clean.xlsx,1387
J-P_stopword_clean.xlsx,1388
J-P_stopword_clean.xlsx,1389
J-P_stopword_clean.xlsx,1390
J-P_stopword_clean.xlsx,1391
J-P_stopword_clean.xlsx,1392
J-P_stopword_clean.xlsx,1393
J-P_stopword_clean.xlsx,1394
J-P_stopword_clean.xlsx,1395
J-P_stopword_clean.xlsx,1396
J-P_stopword_clean.xlsx,1397
J-P_stopword_clean.xlsx,1398
J-P_stopword_clean.xlsx,1399
J-P_stopword_clean.xlsx,1400
J-P_stopword_clean.xlsx,1401
J-P_stopword_clean.xlsx,1402
J-P_stopword_clean.xlsx,1403
J-P_stopword_clean.xlsx,1404
J-P_stopword_clean.xlsx,1405
J-P_stopword_clean.xlsx,1406
J-P_stopword_clean.xlsx,1407
J-P_stopword_clean.xlsx,1408
J-P_stopword_clean.xlsx,1409
J-P_stopword_clean.xlsx,1410
J-P_stopword_clean.xlsx,1411
J-P_stopword_clean.xlsx,1412
J-P_stopword_clean.xlsx,1413
J-P_stopword_clean.xlsx,1414
J-P_stopword_clean.xlsx,1415
J-P_stopword_clean.xlsx,1416
J-P_stopword_clean.xlsx,1417
J-P_stopword_clean.xlsx,1418
J-P_stopword_clean.xlsx,1419
J-P_stopword_clean.xlsx,1420
J-P_stopword_clean.xlsx,1421
J-P_stopword_clean.xlsx,1422
J-P_stopword_clean.xlsx,1423
J-P_stopword_clean.xlsx,1424
J-P_stopword_clean.xlsx,1425
J-P_stopword_clean.xlsx,1426
J-P_stopword_clean.xlsx,1427
J-P_stopword_clean.xlsx,1428
J-P_stopword_clean.xlsx,1429
J-P_stopword_clean.xlsx,1430
J-P_stopword_clean.xlsx,1431
J-P_stopword_clean.xlsx,1432
J-P_stopword_clean.xlsx,1433
J-P_stopword_clean.xlsx,1434
J-P_stopword_clean.xlsx,1435
J-P_stopword_clean.xlsx,1436
J-P_stopword_clean.xlsx,1437
J-P_stopword_clean.xlsx,1438
J-P_stopword_clean.xlsx,1439
J-P_stopword_clean.xlsx,1440
J-P_stopword_clean.xlsx,1441
J-P_stopword_clean.xlsx,1442
J-P_stopword_clean.xlsx,1443
J-P_stopword_clean.xlsx,1444
J-P_stopword_clean.xlsx,1445
J-P_stopword_clean.xlsx,1446
J-P_stopword_clean.xlsx,1447
J-P_stopword_clean.xlsx,1448
J-P_stopword_clean.xlsx,1449
J-P_stopword_clean.xlsx,1450
J-P_stopword_clean.xlsx,1451
J-P_stopword_clean.xlsx,1452
J-P_stopword_clean.xlsx,1453
J-P_stopword_clean.xlsx,1454
J-P_stopword_clean.xlsx,1455
J-P_stopword_clean.xlsx,1456
J-P_stopword_clean.xlsx,1457
J-P_stopword_clean.xlsx,1458
J-P_stopword_clean.xlsx,1459
J-P_stopword_clean.xlsx,1460
J-P_stopword_clean.xlsx,1461
J-P_stopword_clean.xlsx,1462
J-P_stopword_clean.xlsx,1463
J-P_stopword_clean.xlsx,1464
J-P_stopword_clean.xlsx,1465
J-P_stopword_clean.xlsx,1466
J-P_stopword_clean.xlsx,1467
J-P_stopword_clean.xlsx,1468
J-P_stopword_clean.xlsx,1469
J-P_stopword_clean.xlsx,1470
J-P_stopword_clean.xlsx,1471
J-P_stopword_clean.xlsx,1472
J-P_stopword_clean.xlsx,1473
J-P_stopword_clean.xlsx,1474
J-P_stopword_clean.xlsx,1475
J-P_stopword_clean.xlsx,1476
J-P_stopword_clean.xlsx,1477
J-P_stopword_clean.xlsx,1478
J-P_stopword_clean.xlsx,1479
J-P_stopword_clean.xlsx,1480
J-P_stopword_clean.xlsx,1481
J-P_stopword_clean.xlsx,1482
J-P_stopword_clean.xlsx,1483
J-P_stopword_clean.xlsx,1484
J-P_stopword_clean.xlsx,1485
J-P_stopword_clean.xlsx,1486
J-P_stopword_clean.xlsx,1487
J-P_stopword_clean.xlsx,1488
J-P_stopword_clean.xlsx,1489
J-P_stopword_clean.xlsx,1490
J-P_stopword_clean.xlsx,1491
J-P_stopword_clean.xlsx,1492
J-P_stopword_clean.xlsx,1493
J-P_stopword_clean.xlsx,1494
J-P_stopword_clean.xlsx,1495
J-P_stopword_clean.xlsx,1496
J-P_stopword_clean.xlsx,1497
J-P_stopword_clean.xlsx,1498
J-P_stopword_clean.xlsx,1499
J-P_stopword_clean.xlsx,1500
J-P_stopword_clean.xlsx,1501
J-P_stopword_clean.xlsx,1502
J-P_stopword_clean.xlsx,1503
J-P_stopword_clean.xlsx,1504
J-P_stopword_clean.xlsx,1505
J-P_stopword_clean.xlsx,1506
J-P_stopword_clean.xlsx,1507
J-P_stopword_clean.xlsx,1508
J-P_stopword_clean.xlsx,1509
J-P_stopword_clean.xlsx,1510
J-P_stopword_clean.xlsx,1511
J-P_stopword_clean.xlsx,1512
J-P_stopword_clean.xlsx,1513
J-P_stopword_clean.xlsx,1514
J-P_stopword_clean.xlsx,1515
J-P_stopword_clean.xlsx,1516
J-P_stopword_clean.xlsx,1517
J-P_stopword_clean.xlsx,1518
J-P_stopword_clean.xlsx,1519
J-P_stopword_clean.xlsx,1520
J-P_stopword_clean.xlsx,1521
J-P_stopword_clean.xlsx,1522
J-P_stopword_clean.xlsx,1523
J-P_stopword_clean.xlsx,1524
J-P_stopword_clean.xlsx,1525
J-P_stopword_clean.xlsx,1526
J-P_stopword_clean.xlsx,1527
J-P_stopword_clean.xlsx,1528
J-P_stopword_clean.xlsx,1529
J-P_stopword_clean.xlsx,1530
J-P_stopword_clean.xlsx,1531
J-P_stopword_clean.xlsx,1532
J-P_stopword_clean.xlsx,1533
J-P_stopword_clean.xlsx,1534
J-P_stopword_clean.xlsx,1535
J-P_stopword_clean.xlsx,1536
J-P_stopword_clean.xlsx,1537
J-P_stopword_clean.xlsx,1538
J-P_stopword_clean.xlsx,1539
J-P_stopword_clean.xlsx,1540
J-P_stopword_clean.xlsx,1541
J-P_stopword_clean.xlsx,1542
J-P_stopword_clean.xlsx,1543
J-P_stopword_clean.xlsx,1544
J-P_stopword_clean.xlsx,1545
J-P_stopword_clean.xlsx,1546
J-P_stopword_clean.xlsx,1547
J-P_stopword_clean.xlsx,1548
J-P_stopword_clean.xlsx,1549
J-P_stopword_clean.xlsx,1550
J-P_stopword_clean.xlsx,1551
J-P_stopword_clean.xlsx,1552
J-P_stopword_clean.xlsx,1553
J-P_stopword_clean.xlsx,1554
J-P_stopword_clean.xlsx,1555
J-P_stopword_clean.xlsx,1556
J-P_stopword_clean.xlsx,1557
J-P_stopword_clean.xlsx,1558
J-P_stopword_clean.xlsx,1559
J-P_stopword_clean.xlsx,1560
J-P_stopword_clean.xlsx,1561
J-P_stopword_clean.xlsx,1562
J-P_stopword_clean.xlsx,1563
J-P_stopword_clean.xlsx,1564
J-P_stopword_clean.xlsx,1565
J-P_stopword_clean.xlsx,1566
J-P_stopword_clean.xlsx,1567
J-P_stopword_clean.xlsx,1568
J-P_stopword_clean.xlsx,1569
J-P_stopword_clean.xlsx,1570
J-P_stopword_clean.xlsx,1571
J-P_stopword_clean.xlsx,1572
J-P_stopword_clean.xlsx,1573
J-P_stopword_clean.xlsx,1574
J-P_stopword_clean.xlsx,1575
J-P_stopword_clean.xlsx,1576
J-P_stopword_clean.xlsx,1577
J-P_stopword_clean.xlsx,1578
J-P_stopword_clean.xlsx,1579
J-P_stopword_clean.xlsx,1580
J-P_stopword_clean.xlsx,1581
J-P_stopword_clean.xlsx,1582
J-P_stopword_clean.xlsx,1583
J-P_stopword_clean.xlsx,1584
J-P_stopword_clean.xlsx,1585
J-P_stopword_clean.xlsx,1586
J-P_stopword_clean.xlsx,1587
J-P_stopword_clean.xlsx,1588
J-P_stopword_clean.xlsx,1589
J-P_stopword_clean.xlsx,1590
J-P_stopword_clean.xlsx,1591
J-P_stopword_clean.xlsx,1592
J-P_stopword_clean.xlsx,1593
J-P_stopword_clean.xlsx,1594
J-P_stopword_clean.xlsx,1595
J-P_stopword_clean.xlsx,1596
J-P_stopword_clean.xlsx,1597
J-P_stopword_clean.xlsx,1598
J-P_stopword_clean.xlsx,1599
J-P_stopword_clean.xlsx,1600
J-P_stopword_clean.xlsx,1601
J-P_stopword_clean.xlsx,1602
J-P_stopword_clean.xlsx,1603
J-P_stopword_clean.xlsx,1604
J-P_stopword_clean.xlsx,1605
J-P_stopword_clean.xlsx,1606
J-P_stopword_clean.xlsx,1607
J-P_stopword_clean.xlsx,1608
J-P_stopword_clean.xlsx,1609
J-P_stopword_clean.xlsx,1610
J-P_stopword_clean.xlsx,1611
J-P_stopword_clean.xlsx,1612
J-P_stopword_clean.xlsx,1613
J-P_stopword_clean.xlsx,1614
J-P_stopword_clean.xlsx,1615
J-P_stopword_clean.xlsx,1616
J-P_stopword_clean.xlsx,1617
J-P_stopword_clean.xlsx,1618
J-P_stopword_clean.xlsx,1619
J-P_stopword_clean.xlsx,1620
J-P_stopword_clean.xlsx,1621
J-P_stopword_clean.xlsx,1622
J-P_stopword_clean.xlsx,1623
J-P_stopword_clean.xlsx,1624
J-P_stopword_clean.xlsx,1625
J-P_stopword_clean.xlsx,1626
J-P_stopword_clean.xlsx,1627
J-P_stopword_clean.xlsx,1628
J-P_stopword_clean.xlsx,1629
J-P_stopword_clean.xlsx,1630
J-P_stopword_clean.xlsx,1631
J-P_stopword_clean.xlsx,1632
J-P_stopword_clean.xlsx,1633
J-P_stopword_clean.xlsx,1634
J-P_stopword_clean.xlsx,1635
J-P_stopword_clean.xlsx,1636
J-P_stopword_clean.xlsx,1637
J-P_stopword_clean.xlsx,1638
J-P_stopword_clean.xlsx,1639
J-P_stopword_clean.xlsx,1640
J-P_stopword_clean.xlsx,1641
J-P_stopword_clean.xlsx,1642
J-P_stopword_clean.xlsx,1643
J-P_stopword_clean.xlsx,1644
J-P_stopword_clean.xlsx,1645
J-P_stopword_clean.xlsx,1646
J-P_stopword_clean.xlsx,1647
J-P_stopword_clean.xlsx,1648
J-P_stopword_clean.xlsx,1649
J-P_stopword_clean.xlsx,1650
J-P_stopword_clean.xlsx,1651
J-P_stopword_clean.xlsx,1652
J-P_stopword_clean.xlsx,1653
J-P_stopword_clean.xlsx,1654
J-P_stopword_clean.xlsx,1655
J-P_stopword_clean.xlsx,1656
J-P_stopword_clean.xlsx,1657
J-P_stopword_clean.xlsx,1658
J-P_stopword_clean.xlsx,1659
J-P_stopword_clean.xlsx,1660
J-P_stopword_clean.xlsx,1661
J-P_stopword_clean.xlsx,1662
J-P_stopword_clean.xlsx,1663
J-P_stopword_clean.xlsx,1664
J-P_stopword_clean.xlsx,1665
J-P_stopword_clean.xlsx,1666
J-P_stopword_clean.xlsx,1667
J-P_stopword_clean.xlsx,1668
J-P_stopword_clean.xlsx,1669
J-P_stopword_clean.xlsx,1670
J-P_stopword_clean.xlsx,1671
J-P_stopword_clean.xlsx,1672
J-P_stopword_clean.xlsx,1673
J-P_stopword_clean.xlsx,1674
J-P_stopword_clean.xlsx,1675
J-P_stopword_clean.xlsx,1676
J-P_stopword_clean.xlsx,1677
J-P_stopword_clean.xlsx,1678
J-P_stopword_clean.xlsx,1679
J-P_stopword_clean.xlsx,1680
J-P_stopword_clean.xlsx,1681
J-P_stopword_clean.xlsx,1682
J-P_stopword_clean.xlsx,1683
J-P_stopword_clean.xlsx,1684
J-P_stopword_clean.xlsx,1685
J-P_stopword_clean.xlsx,1686
J-P_stopword_clean.xlsx,1687
J-P_stopword_clean.xlsx,1688
J-P_stopword_clean.xlsx,1689
J-P_stopword_clean.xlsx,1690
J-P_stopword_clean.xlsx,1691
J-P_stopword_clean.xlsx,1692
J-P_stopword_clean.xlsx,1693
J-P_stopword_clean.xlsx,1694
J-P_stopword_clean.xlsx,1695
J-P_stopword_clean.xlsx,1696
J-P_stopword_clean.xlsx,1697
J-P_stopword_clean.xlsx,1698
J-P_stopword_clean.xlsx,1699
J-P_stopword_clean.xlsx,1700
J-P_stopword_clean.xlsx,1701
J-P_stopword_clean.xlsx,1702
J-P_stopword_clean.xlsx,1703
J-P_stopword_clean.xlsx,1704
J-P_stopword_clean.xlsx,1705
J-P_stopword_clean.xlsx,1706
J-P_stopword_clean.xlsx,1707
J-P_stopword_clean.xlsx,1708
J-P_stopword_clean.xlsx,1709
J-P_stopword_clean.xlsx,1710
J-P_stopword_clean.xlsx,1711
J-P_stopword_clean.xlsx,1712
J-P_stopword_clean.xlsx,1713
J-P_stopword_clean.xlsx,1714
J-P_stopword_clean.xlsx,1715
J-P_stopword_clean.xlsx,1716
J-P_stopword_clean.xlsx,1717
J-P_stopword_clean.xlsx,1718
J-P_stopword_clean.xlsx,1719
J-P_stopword_clean.xlsx,1720
J-P_stopword_clean.xlsx,1721
J-P_stopword_clean.xlsx,1722
J-P_stopword_clean.xlsx,1723
J-P_stopword_clean.xlsx,1724
J-P_stopword_clean.xlsx,1725
J-P_stopword_clean.xlsx,1726
J-P_stopword_clean.xlsx,1727
J-P_stopword_clean.xlsx,1728
J-P_stopword_clean.xlsx,1729
J-P_stopword_clean.xlsx,1730
J-P_stopword_clean.xlsx,1731
J-P_stopword_clean.xlsx,1732
J-P_stopword_clean.xlsx,1733
J-P_stopword_clean.xlsx,1734
J-P_stopword_clean.xlsx,1735
J-P_stopword_clean.xlsx,1736
J-P_stopword_clean.xlsx,1737
J-P_stopword_clean.xlsx,1738
J-P_stopword_clean.xlsx,1739
J-P_stopword_clean.xlsx,1740
J-P_stopword_clean.xlsx,1741
J-P_stopword_clean.xlsx,1742
J-P_stopword_clean.xlsx,1743
J-P_stopword_clean.xlsx,1744
J-P_stopword_clean.xlsx,1745
J-P_stopword_clean.xlsx,1746
NY-T_stopword_clean.xlsx,1747
NY-T_stopword_clean.xlsx,1748
NY-T_stopword_clean.xlsx,1749
NY-T_stopword_clean.xlsx,1750
NY-T_stopword_clean.xlsx,1751
NY-T_stopword_clean.xlsx,1752
NY-T_stopword_clean.xlsx,1753
NY-T_stopword_clean.xlsx,1754
NY-T_stopword_clean.xlsx,1755
NY-T_stopword_clean.xlsx,1756
NY-T_stopword_clean.xlsx,1757
NY-T_stopword_clean.xlsx,1758
NY-T_stopword_clean.xlsx,1759
NY-T_stopword_clean.xlsx,1760
NY-T_stopword_clean.xlsx,1761
NY-T_stopword_clean.xlsx,1762
NY-T_stopword_clean.xlsx,1763
NY-T_stopword_clean.xlsx,1764
NY-T_stopword_clean.xlsx,1765
NY-T_stopword_clean.xlsx,1766
NY-T_stopword_clean.xlsx,1767
NY-T_stopword_clean.xlsx,1768
NY-T_stopword_clean.xlsx,1769
NY-T_stopword_clean.xlsx,1770
NY-T_stopword_clean.xlsx,1771
NY-T_stopword_clean.xlsx,1772
NY-T_stopword_clean.xlsx,1773
NY-T_stopword_clean.xlsx,1774
NY-T_stopword_clean.xlsx,1775
NY-T_stopword_clean.xlsx,1776
NY-T_stopword_clean.xlsx,1777
NY-T_stopword_clean.xlsx,1778
NY-T_stopword_clean.xlsx,1779
NY-T_stopword_clean.xlsx,1780
NY-T_stopword_clean.xlsx,1781
NY-T_stopword_clean.xlsx,1782
NY-T_stopword_clean.xlsx,1783
NY-T_stopword_clean.xlsx,1784
NY-T_stopword_clean.xlsx,1785
NY-T_stopword_clean.xlsx,1786
NY-T_stopword_clean.xlsx,1787
NY-T_stopword_clean.xlsx,1788
NY-T_stopword_clean.xlsx,1789
NY-T_stopword_clean.xlsx,1790
NY-T_stopword_clean.xlsx,1791
NY-T_stopword_clean.xlsx,1792
NY-T_stopword_clean.xlsx,1793
NY-T_stopword_clean.xlsx,1794
NY-T_stopword_clean.xlsx,1795
NY-T_stopword_clean.xlsx,1796
NY-T_stopword_clean.xlsx,1797
NY-T_stopword_clean.xlsx,1798
NY-T_stopword_clean.xlsx,1799
NY-T_stopword_clean.xlsx,1800
NY-T_stopword_clean.xlsx,1801
NY-T_stopword_clean.xlsx,1802
NY-T_stopword_clean.xlsx,1803
NY-T_stopword_clean.xlsx,1804
NY-T_stopword_clean.xlsx,1805
NY-T_stopword_clean.xlsx,1806
NY-T_stopword_clean.xlsx,1807
NY-T_stopword_clean.xlsx,1808
NY-T_stopword_clean.xlsx,1809
NY-T_stopword_clean.xlsx,1810
NY-T_stopword_clean.xlsx,1811
NY-T_stopword_clean.xlsx,1812
NY-T_stopword_clean.xlsx,1813
NY-T_stopword_clean.xlsx,1814
NY-T_stopword_clean.xlsx,1815
NY-T_stopword_clean.xlsx,1816
NY-T_stopword_clean.xlsx,1817
NY-T_stopword_clean.xlsx,1818
NY-T_stopword_clean.xlsx,1819
NY-T_stopword_clean.xlsx,1820
NY-T_stopword_clean.xlsx,1821
NY-T_stopword_clean.xlsx,1822
NY-T_stopword_clean.xlsx,1823
NY-T_stopword_clean.xlsx,1824
NY-T_stopword_clean.xlsx,1825
NY-T_stopword_clean.xlsx,1826
NY-T_stopword_clean.xlsx,1827
NY-T_stopword_clean.xlsx,1828
NY-T_stopword_clean.xlsx,1829
NY-T_stopword_clean.xlsx,1830
NY-T_stopword_clean.xlsx,1831
NY-T_stopword_clean.xlsx,1832
NY-T_stopword_clean.xlsx,1833
NY-T_stopword_clean.xlsx,1834
NY-T_stopword_clean.xlsx,1835
NY-T_stopword_clean.xlsx,1836
NY-T_stopword_clean.xlsx,1837
NY-T_stopword_clean.xlsx,1838
NY-T_stopword_clean.xlsx,1839
NY-T_stopword_clean.xlsx,1840
NY-T_stopword_clean.xlsx,1841
NY-T_stopword_clean.xlsx,1842
NY-T_stopword_clean.xlsx,1843
NY-T_stopword_clean.xlsx,1844
NY-T_stopword_clean.xlsx,1845
NY-T_stopword_clean.xlsx,1846
NY-T_stopword_clean.xlsx,1847
NY-T_stopword_clean.xlsx,1848
NY-T_stopword_clean.xlsx,1849
NY-T_stopword_clean.xlsx,1850
NY-T_stopword_clean.xlsx,1851
NY-T_stopword_clean.xlsx,1852
NY-T_stopword_clean.xlsx,1853
NY-T_stopword_clean.xlsx,1854
NY-T_stopword_clean.xlsx,1855
NY-T_stopword_clean.xlsx,1856
NY-T_stopword_clean.xlsx,1857
NY-T_stopword_clean.xlsx,1858
NY-T_stopword_clean.xlsx,1859
NY-T_stopword_clean.xlsx,1860
NY-T_stopword_clean.xlsx,1861
NY-T_stopword_clean.xlsx,1862
NY-T_stopword_clean.xlsx,1863
NY-T_stopword_clean.xlsx,1864
NY-T_stopword_clean.xlsx,1865
NY-T_stopword_clean.xlsx,1866
NY-T_stopword_clean.xlsx,1867
NY-T_stopword_clean.xlsx,1868
NY-T_stopword_clean.xlsx,1869
NY-T_stopword_clean.xlsx,1870
NY-T_stopword_clean.xlsx,1871
NY-T_stopword_clean.xlsx,1872
NY-T_stopword_clean.xlsx,1873
NY-T_stopword_clean.xlsx,1874
NY-T_stopword_clean.xlsx,1875
NY-T_stopword_clean.xlsx,1876
NY-T_stopword_clean.xlsx,1877
NY-T_stopword_clean.xlsx,1878
NY-T_stopword_clean.xlsx,1879
NY-T_stopword_clean.xlsx,1880
NY-T_stopword_clean.xlsx,1881
NY-T_stopword_clean.xlsx,1882
NY-T_stopword_clean.xlsx,1883
NY-T_stopword_clean.xlsx,1884
NY-T_stopword_clean.xlsx,1885
NY-T_stopword_clean.xlsx,1886
NY-T_stopword_clean.xlsx,1887
NY-T_stopword_clean.xlsx,1888
NY-T_stopword_clean.xlsx,1889
NY-T_stopword_clean.xlsx,1890
NY-T_stopword_clean.xlsx,1891
NY-T_stopword_clean.xlsx,1892
NY-T_stopword_clean.xlsx,1893
NY-T_stopword_clean.xlsx,1894
NY-T_stopword_clean.xlsx,1895
NY-T_stopword_clean.xlsx,1896
NY-T_stopword_clean.xlsx,1897
NY-T_stopword_clean.xlsx,1898
NY-T_stopword_clean.xlsx,1899
NY-T_stopword_clean.xlsx,1900
NY-T_stopword_clean.xlsx,1901
NY-T_stopword_clean.xlsx,1902
NY-T_stopword_clean.xlsx,1903
NY-T_stopword_clean.xlsx,1904
NY-T_stopword_clean.xlsx,1905
NY-T_stopword_clean.xlsx,1906
NY-T_stopword_clean.xlsx,1907
NY-T_stopword_clean.xlsx,1908
NY-T_stopword_clean.xlsx,1909
NY-T_stopword_clean.xlsx,1910
NY-T_stopword_clean.xlsx,1911
NY-T_stopword_clean.xlsx,1912
NY-T_stopword_clean.xlsx,1913
NY-T_stopword_clean.xlsx,1914
NY-T_stopword_clean.xlsx,1915
NY-T_stopword_clean.xlsx,1916
NY-T_stopword_clean.xlsx,1917
NY-T_stopword_clean.xlsx,1918
NY-T_stopword_clean.xlsx,1919
NY-T_stopword_clean.xlsx,1920
NY-T_stopword_clean.xlsx,1921
NY-T_stopword_clean.xlsx,1922
NY-T_stopword_clean.xlsx,1923
NY-T_stopword_clean.xlsx,1924
NY-T_stopword_clean.xlsx,1925
NY-T_stopword_clean.xlsx,1926
NY-T_stopword_clean.xlsx,1927
NY-T_stopword_clean.xlsx,1928
NY-T_stopword_clean.xlsx,1929
NY-T_stopword_clean.xlsx,1930
NY-T_stopword_clean.xlsx,1931
NY-T_stopword_clean.xlsx,1932
NY-T_stopword_clean.xlsx,1933
NY-T_stopword_clean.xlsx,1934
NY-T_stopword_clean.xlsx,1935
NY-T_stopword_clean.xlsx,1936
NY-T_stopword_clean.xlsx,1937
NY-T_stopword_clean.xlsx,1938
NY-T_stopword_clean.xlsx,1939
NY-T_stopword_clean.xlsx,1940
NY-T_stopword_clean.xlsx,1941
NY-T_stopword_clean.xlsx,1942
NY-T_stopword_clean.xlsx,1943
NY-T_stopword_clean.xlsx,1944
NY-T_stopword_clean.xlsx,1945
NY-T_stopword_clean.xlsx,1946
NY-T_stopword_clean.xlsx,1947
NY-T_stopword_clean.xlsx,1948
NY-T_stopword_clean.xlsx,1949
NY-T_stopword_clean.xlsx,1950
NY-T_stopword_clean.xlsx,1951
NY-T_stopword_clean.xlsx,1952
NY-T_stopword_clean.xlsx,1953
NY-T_stopword_clean.xlsx,1954
NY-T_stopword_clean.xlsx,1955
NY-T_stopword_clean.xlsx,1956
NY-T_stopword_clean.xlsx,1957
NY-T_stopword_clean.xlsx,1958
NY-T_stopword_clean.xlsx,1959
NY-T_stopword_clean.xlsx,1960
NY-T_stopword_clean.xlsx,1961
NY-T_stopword_clean.xlsx,1962
NY-T_stopword_clean.xlsx,1963
NY-T_stopword_clean.xlsx,1964
NY-T_stopword_clean.xlsx,1965
NY-T_stopword_clean.xlsx,1966
NY-T_stopword_clean.xlsx,1967
NY-T_stopword_clean.xlsx,1968
NY-T_stopword_clean.xlsx,1969
NY-T_stopword_clean.xlsx,1970
NY-T_stopword_clean.xlsx,1971
NY-T_stopword_clean.xlsx,1972
NY-T_stopword_clean.xlsx,1973
NY-T_stopword_clean.xlsx,1974
NY-T_stopword_clean.xlsx,1975
NY-T_stopword_clean.xlsx,1976
NY-T_stopword_clean.xlsx,1977
NY-T_stopword_clean.xlsx,1978
NY-T_stopword_clean.xlsx,1979
NY-T_stopword_clean.xlsx,1980
NY-T_stopword_clean.xlsx,1981
NY-T_stopword_clean.xlsx,1982
NY-T_stopword_clean.xlsx,1983
NY-T_stopword_clean.xlsx,1984
NY-T_stopword_clean.xlsx,1985
NY-T_stopword_clean.xlsx,1986
NY-T_stopword_clean.xlsx,1987
NY-T_stopword_clean.xlsx,1988
NY-T_stopword_clean.xlsx,1989
NY-T_stopword_clean.xlsx,1990
NY-T_stopword_clean.xlsx,1991
NY-T_stopword_clean.xlsx,1992
NY-T_stopword_clean.xlsx,1993
NY-T_stopword_clean.xlsx,1994
NY-T_stopword_clean.xlsx,1995
NY-T_stopword_clean.xlsx,1996
NY-T_stopword_clean.xlsx,1997
NY-T_stopword_clean.xlsx,1998
NY-T_stopword_clean.xlsx,1999
NY-T_stopword_clean.xlsx,2000
NY-T_stopword_clean.xlsx,2001
NY-T_stopword_clean.xlsx,2002
NY-T_stopword_clean.xlsx,2003
NY-T_stopword_clean.xlsx,2004
NY-T_stopword_clean.xlsx,2005
NY-T_stopword_clean.xlsx,2006
NY-T_stopword_clean.xlsx,2007
NY-T_stopword_clean.xlsx,2008
NY-T_stopword_clean.xlsx,2009
NY-T_stopword_clean.xlsx,2010
NY-T_stopword_clean.xlsx,2011
NY-T_stopword_clean.xlsx,2012
NY-T_stopword_clean.xlsx,2013
NY-T_stopword_clean.xlsx,2014
NY-T_stopword_clean.xlsx,2015
NY-T_stopword_clean.xlsx,2016
NY-T_stopword_clean.xlsx,2017
NY-T_stopword_clean.xlsx,2018
NY-T_stopword_clean.xlsx,2019
NY-T_stopword_clean.xlsx,2020
NY-T_stopword_clean.xlsx,2021
NY-T_stopword_clean.xlsx,2022
NY-T_stopword_clean.xlsx,2023
NY-T_stopword_clean.xlsx,2024
NY-T_stopword_clean.xlsx,2025
NY-T_stopword_clean.xlsx,2026
NY-T_stopword_clean.xlsx,2027
NY-T_stopword_clean.xlsx,2028
NY-T_stopword_clean.xlsx,2029
NY-T_stopword_clean.xlsx,2030
NY-T_stopword_clean.xlsx,2031
NY-T_stopword_clean.xlsx,2032
NY-T_stopword_clean.xlsx,2033
NY-T_stopword_clean.xlsx,2034
NY-T_stopword_clean.xlsx,2035
NY-T_stopword_clean.xlsx,2036
NY-T_stopword_clean.xlsx,2037
NY-T_stopword_clean.xlsx,2038
NY-T_stopword_clean.xlsx,2039
NY-T_stopword_clean.xlsx,2040
NY-T_stopword_clean.xlsx,2041
NY-T_stopword_clean.xlsx,2042
NY-T_stopword_clean.xlsx,2043
NY-T_stopword_clean.xlsx,2044
NY-T_stopword_clean.xlsx,2045
NY-T_stopword_clean.xlsx,2046
NY-T_stopword_clean.xlsx,2047
NY-T_stopword_clean.xlsx,2048
NY-T_stopword_clean.xlsx,2049
NY-T_stopword_clean.xlsx,2050
NY-T_stopword_clean.xlsx,2051
NY-T_stopword_clean.xlsx,2052
NY-T_stopword_clean.xlsx,2053
NY-T_stopword_clean.xlsx,2054
NY-T_stopword_clean.xlsx,2055
NY-T_stopword_clean.xlsx,2056
NY-T_stopword_clean.xlsx,2057
NY-T_stopword_clean.xlsx,2058
NY-T_stopword_clean.xlsx,2059
NY-T_stopword_clean.xlsx,2060
NY-T_stopword_clean.xlsx,2061
NY-T_stopword_clean.xlsx,2062
NY-T_stopword_clean.xlsx,2063
NY-T_stopword_clean.xlsx,2064
NY-T_stopword_clean.xlsx,2065
NY-T_stopword_clean.xlsx,2066
NY-T_stopword_clean.xlsx,2067
NY-T_stopword_clean.xlsx,2068
NY-T_stopword_clean.xlsx,2069
NY-T_stopword_clean.xlsx,2070
NY-T_stopword_clean.xlsx,2071
NY-T_stopword_clean.xlsx,2072
NY-T_stopword_clean.xlsx,2073
NY-T_stopword_clean.xlsx,2074
NY-T_stopword_clean.xlsx,2075
NY-T_stopword_clean.xlsx,2076
NY-T_stopword_clean.xlsx,2077
NY-T_stopword_clean.xlsx,2078
NY-T_stopword_clean.xlsx,2079
NY-T_stopword_clean.xlsx,2080
NY-T_stopword_clean.xlsx,2081
NY-T_stopword_clean.xlsx,2082
NY-T_stopword_clean.xlsx,2083
NY-T_stopword_clean.xlsx,2084
NY-T_stopword_clean.xlsx,2085
NY-T_stopword_clean.xlsx,2086
NY-T_stopword_clean.xlsx,2087
NY-T_stopword_clean.xlsx,2088
NY-T_stopword_clean.xlsx,2089
NY-T_stopword_clean.xlsx,2090
NY-T_stopword_clean.xlsx,2091
NY-T_stopword_clean.xlsx,2092
NY-T_stopword_clean.xlsx,2093
NY-T_stopword_clean.xlsx,2094
NY-T_stopword_clean.xlsx,2095
NY-T_stopword_clean.xlsx,2096
NY-T_stopword_clean.xlsx,2097
NY-T_stopword_clean.xlsx,2098
NY-T_stopword_clean.xlsx,2099
NY-T_stopword_clean.xlsx,2100
NY-T_stopword_clean.xlsx,2101
NY-T_stopword_clean.xlsx,2102
NY-T_stopword_clean.xlsx,2103
NY-T_stopword_clean.xlsx,2104
NY-T_stopword_clean.xlsx,2105
NY-T_stopword_clean.xlsx,2106
NY-T_stopword_clean.xlsx,2107
NY-T_stopword_clean.xlsx,2108
NY-T_stopword_clean.xlsx,2109
NY-T_stopword_clean.xlsx,2110
NY-T_stopword_clean.xlsx,2111
NY-T_stopword_clean.xlsx,2112
NY-T_stopword_clean.xlsx,2113
NY-T_stopword_clean.xlsx,2114
NY-T_stopword_clean.xlsx,2115
NY-T_stopword_clean.xlsx,2116
NY-T_stopword_clean.xlsx,2117
NY-T_stopword_clean.xlsx,2118
NY-T_stopword_clean.xlsx,2119
NY-T_stopword_clean.xlsx,2120
NY-T_stopword_clean.xlsx,2121
NY-T_stopword_clean.xlsx,2122
NY-T_stopword_clean.xlsx,2123
NY-T_stopword_clean.xlsx,2124
NY-T_stopword_clean.xlsx,2125
NY-T_stopword_clean.xlsx,2126
NY-T_stopword_clean.xlsx,2127
NY-T_stopword_clean.xlsx,2128
NY-T_stopword_clean.xlsx,2129
NY-T_stopword_clean.xlsx,2130
NY-T_stopword_clean.xlsx,2131
NY-T_stopword_clean.xlsx,2132
NY-T_stopword_clean.xlsx,2133
NY-T_stopword_clean.xlsx,2134
NY-T_stopword_clean.xlsx,2135
NY-T_stopword_clean.xlsx,2136
NY-T_stopword_clean.xlsx,2137
NY-T_stopword_clean.xlsx,2138
NY-T_stopword_clean.xlsx,2139
NY-T_stopword_clean.xlsx,2140
NY-T_stopword_clean.xlsx,2141
NY-T_stopword_clean.xlsx,2142
NY-T_stopword_clean.xlsx,2143
NY-T_stopword_clean.xlsx,2144
NY-T_stopword_clean.xlsx,2145
NY-T_stopword_clean.xlsx,2146
NY-T_stopword_clean.xlsx,2147
NY-T_stopword_clean.xlsx,2148
NY-T_stopword_clean.xlsx,2149
NY-T_stopword_clean.xlsx,2150
NY-T_stopword_clean.xlsx,2151
NY-T_stopword_clean.xlsx,2152
NY-T_stopword_clean.xlsx,2153
NY-T_stopword_clean.xlsx,2154
NY-T_stopword_clean.xlsx,2155
NY-T_stopword_clean.xlsx,2156
NY-T_stopword_clean.xlsx,2157
NY-T_stopword_clean.xlsx,2158
NY-T_stopword_clean.xlsx,2159
NY-T_stopword_clean.xlsx,2160
NY-T_stopword_clean.xlsx,2161
NY-T_stopword_clean.xlsx,2162
NY-T_stopword_clean.xlsx,2163
NY-T_stopword_clean.xlsx,2164
NY-T_stopword_clean.xlsx,2165
NY-T_stopword_clean.xlsx,2166
NY-T_stopword_clean.xlsx,2167
NY-T_stopword_clean.xlsx,2168
NY-T_stopword_clean.xlsx,2169
NY-T_stopword_clean.xlsx,2170
NY-T_stopword_clean.xlsx,2171
NY-T_stopword_clean.xlsx,2172
NY-T_stopword_clean.xlsx,2173
NY-T_stopword_clean.xlsx,2174
NY-T_stopword_clean.xlsx,2175
NY-T_stopword_clean.xlsx,2176
NY-T_stopword_clean.xlsx,2177
NY-T_stopword_clean.xlsx,2178
NY-T_stopword_clean.xlsx,2179
NY-T_stopword_clean.xlsx,2180
NY-T_stopword_clean.xlsx,2181
NY-T_stopword_clean.xlsx,2182
NY-T_stopword_clean.xlsx,2183
NY-T_stopword_clean.xlsx,2184
NY-T_stopword_clean.xlsx,2185
NY-T_stopword_clean.xlsx,2186
NY-T_stopword_clean.xlsx,2187
NY-T_stopword_clean.xlsx,2188
NY-T_stopword_clean.xlsx,2189
NY-T_stopword_clean.xlsx,2190
NY-T_stopword_clean.xlsx,2191
NY-T_stopword_clean.xlsx,2192
NY-T_stopword_clean.xlsx,2193
NY-T_stopword_clean.xlsx,2194
NY-T_stopword_clean.xlsx,2195
NY-T_stopword_clean.xlsx,2196
NY-T_stopword_clean.xlsx,2197
NY-T_stopword_clean.xlsx,2198
NY-T_stopword_clean.xlsx,2199
NY-T_stopword_clean.xlsx,2200
NY-T_stopword_clean.xlsx,2201
NY-T_stopword_clean.xlsx,2202
NY-T_stopword_clean.xlsx,2203
NY-T_stopword_clean.xlsx,2204
NY-T_stopword_clean.xlsx,2205
NY-T_stopword_clean.xlsx,2206
NY-T_stopword_clean.xlsx,2207
NY-T_stopword_clean.xlsx,2208
NY-T_stopword_clean.xlsx,2209
NY-T_stopword_clean.xlsx,2210
NY-T_stopword_clean.xlsx,2211
NY-T_stopword_clean.xlsx,2212
NY-T_stopword_clean.xlsx,2213
NY-T_stopword_clean.xlsx,2214
NY-T_stopword_clean.xlsx,2215
NY-T_stopword_clean.xlsx,2216
NY-T_stopword_clean.xlsx,2217
NY-T_stopword_clean.xlsx,2218
NY-T_stopword_clean.xlsx,2219
NY-T_stopword_clean.xlsx,2220
NY-T_stopword_clean.xlsx,2221
NY-T_stopword_clean.xlsx,2222
NY-T_stopword_clean.xlsx,2223
NY-T_stopword_clean.xlsx,2224
NY-T_stopword_clean.xlsx,2225
NY-T_stopword_clean.xlsx,2226
NY-T_stopword_clean.xlsx,2227
NY-T_stopword_clean.xlsx,2228
NY-T_stopword_clean.xlsx,2229
NY-T_stopword_clean.xlsx,2230
NY-T_stopword_clean.xlsx,2231
NY-T_stopword_clean.xlsx,2232
NY-T_stopword_clean.xlsx,2233
NY-T_stopword_clean.xlsx,2234
NY-T_stopword_clean.xlsx,2235
NY-T_stopword_clean.xlsx,2236
NY-T_stopword_clean.xlsx,2237
NY-T_stopword_clean.xlsx,2238
NY-T_stopword_clean.xlsx,2239
NY-T_stopword_clean.xlsx,2240
NY-T_stopword_clean.xlsx,2241
NY-T_stopword_clean.xlsx,2242
NY-T_stopword_clean.xlsx,2243
NY-T_stopword_clean.xlsx,2244
NY-T_stopword_clean.xlsx,2245
NY-T_stopword_clean.xlsx,2246
NY-T_stopword_clean.xlsx,2247
NY-T_stopword_clean.xlsx,2248
NY-T_stopword_clean.xlsx,2249
NY-T_stopword_clean.xlsx,2250
NY-T_stopword_clean.xlsx,2251
NY-T_stopword_clean.xlsx,2252
NY-T_stopword_clean.xlsx,2253
NY-T_stopword_clean.xlsx,2254
NY-T_stopword_clean.xlsx,2255
NY-T_stopword_clean.xlsx,2256
NY-T_stopword_clean.xlsx,2257
NY-T_stopword_clean.xlsx,2258
NY-T_stopword_clean.xlsx,2259
NY-T_stopword_clean.xlsx,2260
NY-T_stopword_clean.xlsx,2261
NY-T_stopword_clean.xlsx,2262
NY-T_stopword_clean.xlsx,2263
NY-T_stopword_clean.xlsx,2264
NY-T_stopword_clean.xlsx,2265
NY-T_stopword_clean.xlsx,2266
NY-T_stopword_clean.xlsx,2267
NY-T_stopword_clean.xlsx,2268
NY-T_stopword_clean.xlsx,2269
NY-T_stopword_clean.xlsx,2270
NY-T_stopword_clean.xlsx,2271
NY-T_stopword_clean.xlsx,2272
NY-T_stopword_clean.xlsx,2273
NY-T_stopword_clean.xlsx,2274
NY-T_stopword_clean.xlsx,2275
NY-T_stopword_clean.xlsx,2276
NY-T_stopword_clean.xlsx,2277
NY-T_stopword_clean.xlsx,2278
NY-T_stopword_clean.xlsx,2279
NY-T_stopword_clean.xlsx,2280
NY-T_stopword_clean.xlsx,2281
NY-T_stopword_clean.xlsx,2282
NY-T_stopword_clean.xlsx,2283
NY-T_stopword_clean.xlsx,2284
NY-T_stopword_clean.xlsx,2285
NY-T_stopword_clean.xlsx,2286
NY-T_stopword_clean.xlsx,2287
NY-T_stopword_clean.xlsx,2288
NY-T_stopword_clean.xlsx,2289
NY-T_stopword_clean.xlsx,2290
NY-T_stopword_clean.xlsx,2291
NY-T_stopword_clean.xlsx,2292
NY-T_stopword_clean.xlsx,2293
NY-T_stopword_clean.xlsx,2294
NY-T_stopword_clean.xlsx,2295
NY-T_stopword_clean.xlsx,2296
NY-T_stopword_clean.xlsx,2297
NY-T_stopword_clean.xlsx,2298
NY-T_stopword_clean.xlsx,2299
NY-T_stopword_clean.xlsx,2300
NY-T_stopword_clean.xlsx,2301
NY-T_stopword_clean.xlsx,2302
NY-T_stopword_clean.xlsx,2303
NY-T_stopword_clean.xlsx,2304
NY-T_stopword_clean.xlsx,2305
NY-T_stopword_clean.xlsx,2306
NY-T_stopword_clean.xlsx,2307
NY-T_stopword_clean.xlsx,2308
NY-T_stopword_clean.xlsx,2309
NY-T_stopword_clean.xlsx,2310
NY-T_stopword_clean.xlsx,2311
NY-T_stopword_clean.xlsx,2312
NY-T_stopword_clean.xlsx,2313
NY-T_stopword_clean.xlsx,2314
NY-T_stopword_clean.xlsx,2315
NY-T_stopword_clean.xlsx,2316
NY-T_stopword_clean.xlsx,2317
NY-T_stopword_clean.xlsx,2318
NY-T_stopword_clean.xlsx,2319
NY-T_stopword_clean.xlsx,2320
NY-T_stopword_clean.xlsx,2321
NY-T_stopword_clean.xlsx,2322
NY-T_stopword_clean.xlsx,2323
NY-T_stopword_clean.xlsx,2324
NY-T_stopword_clean.xlsx,2325
NY-T_stopword_clean.xlsx,2326
NY-T_stopword_clean.xlsx,2327
NY-T_stopword_clean.xlsx,2328
NY-T_stopword_clean.xlsx,2329
NY-T_stopword_clean.xlsx,2330
NY-T_stopword_clean.xlsx,2331
NY-T_stopword_clean.xlsx,2332
NY-T_stopword_clean.xlsx,2333
NY-T_stopword_clean.xlsx,2334
NY-T_stopword_clean.xlsx,2335
NY-T_stopword_clean.xlsx,2336
NY-T_stopword_clean.xlsx,2337
NY-T_stopword_clean.xlsx,2338
NY-T_stopword_clean.xlsx,2339
NY-T_stopword_clean.xlsx,2340
NY-T_stopword_clean.xlsx,2341
NY-T_stopword_clean.xlsx,2342
NY-T_stopword_clean.xlsx,2343
NY-T_stopword_clean.xlsx,2344
NY-T_stopword_clean.xlsx,2345
